Church,District Name,,,,,,,,,,,,,,,,,,,,,,,,,,,,,,,,,,,,,
Anderson Mutiweshiri - Anderson (mutiweshiri),Anderson Mutiwereshiri,,,,,,,,,,,,,,,,,,,,,,,,,,,,,,,,,,,,,
Chikurumadziwa,Anderson Mutiwereshiri,,,,,,,,,,,,,,,,,,,,,,,,,,,,,,,,,,,,,
Chinyowa,Anderson Mutiwereshiri,,,,,,,,,,,,,,,,,,,,,,,,,,,,,,,,,,,,,
Dowa- Anderson,Anderson Mutiwereshiri,,,,,,,,,,,,,,,,,,,,,,,,,,,,,,,,,,,,,
Dzvova,Anderson Mutiwereshiri,,,,,,,,,,,,,,,,,,,,,,,,,,,,,,,,,,,,,
Mabvumira,Anderson Mutiwereshiri,,,,,,,,,,,,,,,,,,,,,,,,,,,,,,,,,,,,,
Makarara,Anderson Mutiwereshiri,,,,,,,,,,,,,,,,,,,,,,,,,,,,,,,,,,,,,
Marumbi,Anderson Mutiwereshiri,,,,,,,,,,,,,,,,,,,,,,,,,,,,,,,,,,,,,
Mashayamvura,Anderson Mutiwereshiri,,,,,,,,,,,,,,,,,,,,,,,,,,,,,,,,,,,,,
Matanganyidze,Anderson Mutiwereshiri,,,,,,,,,,,,,,,,,,,,,,,,,,,,,,,,,,,,,
Mukamba- Anderson,Anderson Mutiwereshiri,,,,,,,,,,,,,,,,,,,,,,,,,,,,,,,,,,,,,
Ruzane,Anderson Mutiwereshiri,,,,,,,,,,,,,,,,,,,,,,,,,,,,,,,,,,,,,
Wedza - Chamarima,Anderson Mutiwereshiri,,,,,,,,,,,,,,,,,,,,,,,,,,,,,,,,,,,,,
Wedza - Ruzawe,Anderson Mutiwereshiri,,,,,,,,,,,,,,,,,,,,,,,,,,,,,,,,,,,,,
Zviyambe,Anderson Mutiwereshiri,,,,,,,,,,,,,,,,,,,,,,,,,,,,,,,,,,,,,
Arcadia,Arcadia-Boulder,,,,,,,,,,,,,,,,,,,,,,,,,,,,,,,,,,,,,
Harare Boulder,Arcadia-Boulder,,,,,,,,,,,,,,,,,,,,,,,,,,,,,,,,,,,,,
Bhidhiri,Buhera North,,,,,,,,,,,,,,,,,,,,,,,,,,,,,,,,,,,,,
Buhera,Buhera North,,,,,,,,,,,,,,,,,,,,,,,,,,,,,,,,,,,,,
Buhera - Muchechetere,Buhera North,,,,,,,,,,,,,,,,,,,,,,,,,,,,,,,,,,,,,
Bungu,Buhera North,,,,,,,,,,,,,,,,,,,,,,,,,,,,,,,,,,,,,
Chinhoro,Buhera North,,,,,,,,,,,,,,,,,,,,,,,,,,,,,,,,,,,,,
Chinhuwo,Buhera North,,,,,,,,,,,,,,,,,,,,,,,,,,,,,,,,,,,,,
Chizhou,Buhera North,,,,,,,,,,,,,,,,,,,,,,,,,,,,,,,,,,,,,
Dorowa,Buhera North,,,,,,,,,,,,,,,,,,,,,,,,,,,,,,,,,,,,,
Dorowa East,Buhera North,,,,,,,,,,,,,,,,,,,,,,,,,,,,,,,,,,,,,
Garakata,Buhera North,,,,,,,,,,,,,,,,,,,,,,,,,,,,,,,,,,,,,
Gosho,Buhera North,,,,,,,,,,,,,,,,,,,,,,,,,,,,,,,,,,,,,
Hande,Buhera North,,,,,,,,,,,,,,,,,,,,,,,,,,,,,,,,,,,,,
Kwayedza,Buhera North,,,,,,,,,,,,,,,,,,,,,,,,,,,,,,,,,,,,,
Madende,Buhera North,,,,,,,,,,,,,,,,,,,,,,,,,,,,,,,,,,,,,
Mambo Central,Buhera North,,,,,,,,,,,,,,,,,,,,,,,,,,,,,,,,,,,,,
Mambo East,Buhera North,,,,,,,,,,,,,,,,,,,,,,,,,,,,,,,,,,,,,
Masocha,Buhera North,,,,,,,,,,,,,,,,,,,,,,,,,,,,,,,,,,,,,
Mukamba- Buhera North,Buhera North,,,,,,,,,,,,,,,,,,,,,,,,,,,,,,,,,,,,,
Mukubu,Buhera North,,,,,,,,,,,,,,,,,,,,,,,,,,,,,,,,,,,,,
Mukwasi,Buhera North,,,,,,,,,,,,,,,,,,,,,,,,,,,,,,,,,,,,,
Munyanyi,Buhera North,,,,,,,,,,,,,,,,,,,,,,,,,,,,,,,,,,,,,
Munyira,Buhera North,,,,,,,,,,,,,,,,,,,,,,,,,,,,,,,,,,,,,
Murowe,Buhera North,,,,,,,,,,,,,,,,,,,,,,,,,,,,,,,,,,,,,
Mutauto,Buhera North,,,,,,,,,,,,,,,,,,,,,,,,,,,,,,,,,,,,,
Nerutanga,Buhera North,,,,,,,,,,,,,,,,,,,,,,,,,,,,,,,,,,,,,
Nharire- Buhera North,Buhera North,,,,,,,,,,,,,,,,,,,,,,,,,,,,,,,,,,,,,
Nyamasanga,Buhera North,,,,,,,,,,,,,,,,,,,,,,,,,,,,,,,,,,,,,
Pfende,Buhera North,,,,,,,,,,,,,,,,,,,,,,,,,,,,,,,,,,,,,
Ruridza,Buhera North,,,,,,,,,,,,,,,,,,,,,,,,,,,,,,,,,,,,,
Bangure,Buhera South,,,,,,,,,,,,,,,,,,,,,,,,,,,,,,,,,,,,,
Buhera - Bhegedhe,Buhera South,,,,,,,,,,,,,,,,,,,,,,,,,,,,,,,,,,,,,
Buhera - Chabata,Buhera South,,,,,,,,,,,,,,,,,,,,,,,,,,,,,,,,,,,,,
Buhera - Jori,Buhera South,,,,,,,,,,,,,,,,,,,,,,,,,,,,,,,,,,,,,
Buhera - Kandenga,Buhera South,,,,,,,,,,,,,,,,,,,,,,,,,,,,,,,,,,,,,
Buhera - Muzokomba,Buhera South,,,,,,,,,,,,,,,,,,,,,,,,,,,,,,,,,,,,,
Chirozva,Buhera South,,,,,,,,,,,,,,,,,,,,,,,,,,,,,,,,,,,,,
Hukuimwe,Buhera South,,,,,,,,,,,,,,,,,,,,,,,,,,,,,,,,,,,,,
Kwarire,Buhera South,,,,,,,,,,,,,,,,,,,,,,,,,,,,,,,,,,,,,
Madechava,Buhera South,,,,,,,,,,,,,,,,,,,,,,,,,,,,,,,,,,,,,
Masasa,Buhera South,,,,,,,,,,,,,,,,,,,,,,,,,,,,,,,,,,,,,
Matsveru,Buhera South,,,,,,,,,,,,,,,,,,,,,,,,,,,,,,,,,,,,,
Mudanda,Buhera South,,,,,,,,,,,,,,,,,,,,,,,,,,,,,,,,,,,,,
Mukondomi,Buhera South,,,,,,,,,,,,,,,,,,,,,,,,,,,,,,,,,,,,,
Murambinda Central,Buhera South,,,,,,,,,,,,,,,,,,,,,,,,,,,,,,,,,,,,,
Murambinda East,Buhera South,,,,,,,,,,,,,,,,,,,,,,,,,,,,,,,,,,,,,
Murambinda South,Buhera South,,,,,,,,,,,,,,,,,,,,,,,,,,,,,,,,,,,,,
Musharu,Buhera South,,,,,,,,,,,,,,,,,,,,,,,,,,,,,,,,,,,,,
Mutasa,Buhera South,,,,,,,,,,,,,,,,,,,,,,,,,,,,,,,,,,,,,
Mutendamambo,Buhera South,,,,,,,,,,,,,,,,,,,,,,,,,,,,,,,,,,,,,
Mutezo,Buhera South,,,,,,,,,,,,,,,,,,,,,,,,,,,,,,,,,,,,,
Nechavava,Buhera South,,,,,,,,,,,,,,,,,,,,,,,,,,,,,,,,,,,,,
Bandanyenje,Chiduku North,,,,,,,,,,,,,,,,,,,,,,,,,,,,,,,,,,,,,
Chakuma,Chiduku North,,,,,,,,,,,,,,,,,,,,,,,,,,,,,,,,,,,,,
Chiduku,Chiduku North,,,,,,,,,,,,,,,,,,,,,,,,,,,,,,,,,,,,,
Fungayi,Chiduku North,,,,,,,,,,,,,,,,,,,,,,,,,,,,,,,,,,,,,
Gomo,Chiduku North,,,,,,,,,,,,,,,,,,,,,,,,,,,,,,,,,,,,,
Gurure,Chiduku North,,,,,,,,,,,,,,,,,,,,,,,,,,,,,,,,,,,,,
Honeso,Chiduku North,,,,,,,,,,,,,,,,,,,,,,,,,,,,,,,,,,,,,
Kashiri,Chiduku North,,,,,,,,,,,,,,,,,,,,,,,,,,,,,,,,,,,,,
Mandizha,Chiduku North,,,,,,,,,,,,,,,,,,,,,,,,,,,,,,,,,,,,,
Manzvii,Chiduku North,,,,,,,,,,,,,,,,,,,,,,,,,,,,,,,,,,,,,
Matanhire,Chiduku North,,,,,,,,,,,,,,,,,,,,,,,,,,,,,,,,,,,,,
Mavhudzi,Chiduku North,,,,,,,,,,,,,,,,,,,,,,,,,,,,,,,,,,,,,
Mt Moriah,Chiduku North,,,,,,,,,,,,,,,,,,,,,,,,,,,,,,,,,,,,,
Mt Zion,Chiduku North,,,,,,,,,,,,,,,,,,,,,,,,,,,,,,,,,,,,,
Mudyanadzo,Chiduku North,,,,,,,,,,,,,,,,,,,,,,,,,,,,,,,,,,,,,
Mukamba,Chiduku North,,,,,,,,,,,,,,,,,,,,,,,,,,,,,,,,,,,,,
Mupeti,Chiduku North,,,,,,,,,,,,,,,,,,,,,,,,,,,,,,,,,,,,,
Mushava,Chiduku North,,,,,,,,,,,,,,,,,,,,,,,,,,,,,,,,,,,,,
Mutungwazi,Chiduku North,,,,,,,,,,,,,,,,,,,,,,,,,,,,,,,,,,,,,
Nharire,Chiduku North,,,,,,,,,,,,,,,,,,,,,,,,,,,,,,,,,,,,,
Nyazura Centre,Chiduku North,,,,,,,,,,,,,,,,,,,,,,,,,,,,,,,,,,,,,
Nyazura East,Chiduku North,,,,,,,,,,,,,,,,,,,,,,,,,,,,,,,,,,,,,
Nyazura North,Chiduku North,,,,,,,,,,,,,,,,,,,,,,,,,,,,,,,,,,,,,
Rukweza,Chiduku North,,,,,,,,,,,,,,,,,,,,,,,,,,,,,,,,,,,,,
Ruwani,Chiduku North,,,,,,,,,,,,,,,,,,,,,,,,,,,,,,,,,,,,,
Chikobvore,Chiduku South,,,,,,,,,,,,,,,,,,,,,,,,,,,,,,,,,,,,,
Chikombe,Chiduku South,,,,,,,,,,,,,,,,,,,,,,,,,,,,,,,,,,,,,
Chiraranwa,Chiduku South,,,,,,,,,,,,,,,,,,,,,,,,,,,,,,,,,,,,,
Chiromwe,Chiduku South,,,,,,,,,,,,,,,,,,,,,,,,,,,,,,,,,,,,,
Chitura,Chiduku South,,,,,,,,,,,,,,,,,,,,,,,,,,,,,,,,,,,,,
Christian Hope,Chiduku South,,,,,,,,,,,,,,,,,,,,,,,,,,,,,,,,,,,,,
Dambakusoswa,Chiduku South,,,,,,,,,,,,,,,,,,,,,,,,,,,,,,,,,,,,,
Dumba,Chiduku South,,,,,,,,,,,,,,,,,,,,,,,,,,,,,,,,,,,,,
Dzamwayi,Chiduku South,,,,,,,,,,,,,,,,,,,,,,,,,,,,,,,,,,,,,
Handina,Chiduku South,,,,,,,,,,,,,,,,,,,,,,,,,,,,,,,,,,,,,
Kufa,Chiduku South,,,,,,,,,,,,,,,,,,,,,,,,,,,,,,,,,,,,,
Mahere,Chiduku South,,,,,,,,,,,,,,,,,,,,,,,,,,,,,,,,,,,,,
Marowa,Chiduku South,,,,,,,,,,,,,,,,,,,,,,,,,,,,,,,,,,,,,
Matukashiri,Chiduku South,,,,,,,,,,,,,,,,,,,,,,,,,,,,,,,,,,,,,
Mbiriri,Chiduku South,,,,,,,,,,,,,,,,,,,,,,,,,,,,,,,,,,,,,
Mbodza,Chiduku South,,,,,,,,,,,,,,,,,,,,,,,,,,,,,,,,,,,,,
Mugomba,Chiduku South,,,,,,,,,,,,,,,,,,,,,,,,,,,,,,,,,,,,,
Nzvimbe,Chiduku South,,,,,,,,,,,,,,,,,,,,,,,,,,,,,,,,,,,,,
Sharara,Chiduku South,,,,,,,,,,,,,,,,,,,,,,,,,,,,,,,,,,,,,
Tapambwa,Chiduku South,,,,,,,,,,,,,,,,,,,,,,,,,,,,,,,,,,,,,
Zunidza,Chiduku South,,,,,,,,,,,,,,,,,,,,,,,,,,,,,,,,,,,,,
Beacon Of Hope,Chikanga,,,,,,,,,,,,,,,,,,,,,,,,,,,,,,,,,,,,,
Chikanga Central,Chikanga,,,,,,,,,,,,,,,,,,,,,,,,,,,,,,,,,,,,,
Chikanga East,Chikanga,,,,,,,,,,,,,,,,,,,,,,,,,,,,,,,,,,,,,
Chikanga Hills,Chikanga,,,,,,,,,,,,,,,,,,,,,,,,,,,,,,,,,,,,,
Chikanga Hillsite,Chikanga,,,,,,,,,,,,,,,,,,,,,,,,,,,,,,,,,,,,,
Chikanga Main,Chikanga,,,,,,,,,,,,,,,,,,,,,,,,,,,,,,,,,,,,,
Chikanga North,Chikanga,,,,,,,,,,,,,,,,,,,,,,,,,,,,,,,,,,,,,
Charleswood,Chimanimani,,,,,,,,,,,,,,,,,,,,,,,,,,,,,,,,,,,,,
Charter,Chimanimani,,,,,,,,,,,,,,,,,,,,,,,,,,,,,,,,,,,,,
Chikukwa,Chimanimani,,,,,,,,,,,,,,,,,,,,,,,,,,,,,,,,,,,,,
Chimanimani,Chimanimani,,,,,,,,,,,,,,,,,,,,,,,,,,,,,,,,,,,,,
Dzingire,Chimanimani,,,,,,,,,,,,,,,,,,,,,,,,,,,,,,,,,,,,,
Hiltop,Chimanimani,,,,,,,,,,,,,,,,,,,,,,,,,,,,,,,,,,,,,
Hlabiso,Chimanimani,,,,,,,,,,,,,,,,,,,,,,,,,,,,,,,,,,,,,
Hode,Chimanimani,,,,,,,,,,,,,,,,,,,,,,,,,,,,,,,,,,,,,
Jiho,Chimanimani,,,,,,,,,,,,,,,,,,,,,,,,,,,,,,,,,,,,,
Kushinga,Chimanimani,,,,,,,,,,,,,,,,,,,,,,,,,,,,,,,,,,,,,
Kwirire,Chimanimani,,,,,,,,,,,,,,,,,,,,,,,,,,,,,,,,,,,,,
Mutsvangwa,Chimanimani,,,,,,,,,,,,,,,,,,,,,,,,,,,,,,,,,,,,,
Ndakopa,Chimanimani,,,,,,,,,,,,,,,,,,,,,,,,,,,,,,,,,,,,,
Ndima,Chimanimani,,,,,,,,,,,,,,,,,,,,,,,,,,,,,,,,,,,,,
Saurombe,Chimanimani,,,,,,,,,,,,,,,,,,,,,,,,,,,,,,,,,,,,,
Shinja,Chimanimani,,,,,,,,,,,,,,,,,,,,,,,,,,,,,,,,,,,,,
Shiri- Chimanimani,Chimanimani,,,,,,,,,,,,,,,,,,,,,,,,,,,,,,,,,,,,,
Beacon,Chipinge North,,,,,,,,,,,,,,,,,,,,,,,,,,,,,,,,,,,,,
Charurwa,Chipinge North,,,,,,,,,,,,,,,,,,,,,,,,,,,,,,,,,,,,,
Chipangara,Chipinge North,,,,,,,,,,,,,,,,,,,,,,,,,,,,,,,,,,,,,
Chipinge,Chipinge North,,,,,,,,,,,,,,,,,,,,,,,,,,,,,,,,,,,,,
Clearwater,Chipinge North,,,,,,,,,,,,,,,,,,,,,,,,,,,,,,,,,,,,,
Emerald,Chipinge North,,,,,,,,,,,,,,,,,,,,,,,,,,,,,,,,,,,,,
Gaza,Chipinge North,,,,,,,,,,,,,,,,,,,,,,,,,,,,,,,,,,,,,
Hollard,Chipinge North,,,,,,,,,,,,,,,,,,,,,,,,,,,,,,,,,,,,,
Medium,Chipinge North,,,,,,,,,,,,,,,,,,,,,,,,,,,,,,,,,,,,,
Paidamoyo,Chipinge North,,,,,,,,,,,,,,,,,,,,,,,,,,,,,,,,,,,,,
Sakuinje,Chipinge North,,,,,,,,,,,,,,,,,,,,,,,,,,,,,,,,,,,,,
South Down,Chipinge North,,,,,,,,,,,,,,,,,,,,,,,,,,,,,,,,,,,,,
Tazviona,Chipinge North,,,,,,,,,,,,,,,,,,,,,,,,,,,,,,,,,,,,,
The Nest,Chipinge North,,,,,,,,,,,,,,,,,,,,,,,,,,,,,,,,,,,,,
Toti,Chipinge North,,,,,,,,,,,,,,,,,,,,,,,,,,,,,,,,,,,,,
Town Centre - Chipinge,Chipinge North,,,,,,,,,,,,,,,,,,,,,,,,,,,,,,,,,,,,,
Usanga,Chipinge North,,,,,,,,,,,,,,,,,,,,,,,,,,,,,,,,,,,,,
Checheche Central,Chipinge South,,,,,,,,,,,,,,,,,,,,,,,,,,,,,,,,,,,,,
Checheche East,Chipinge South,,,,,,,,,,,,,,,,,,,,,,,,,,,,,,,,,,,,,
Chibuwe,Chipinge South,,,,,,,,,,,,,,,,,,,,,,,,,,,,,,,,,,,,,
Chipangayi,Chipinge South,,,,,,,,,,,,,,,,,,,,,,,,,,,,,,,,,,,,,
Chisuma,Chipinge South,,,,,,,,,,,,,,,,,,,,,,,,,,,,,,,,,,,,,
Chisumbanje,Chipinge South,,,,,,,,,,,,,,,,,,,,,,,,,,,,,,,,,,,,,
Chitepo,Chipinge South,,,,,,,,,,,,,,,,,,,,,,,,,,,,,,,,,,,,,
Garahwa,Chipinge South,,,,,,,,,,,,,,,,,,,,,,,,,,,,,,,,,,,,,
Hwakwata,Chipinge South,,,,,,,,,,,,,,,,,,,,,,,,,,,,,,,,,,,,,
Kondo,Chipinge South,,,,,,,,,,,,,,,,,,,,,,,,,,,,,,,,,,,,,
Mabee,Chipinge South,,,,,,,,,,,,,,,,,,,,,,,,,,,,,,,,,,,,,
Mabhiza,Chipinge South,,,,,,,,,,,,,,,,,,,,,,,,,,,,,,,,,,,,,
Manyezu,Chipinge South,,,,,,,,,,,,,,,,,,,,,,,,,,,,,,,,,,,,,
Manzvire,Chipinge South,,,,,,,,,,,,,,,,,,,,,,,,,,,,,,,,,,,,,
Maparadze,Chipinge South,,,,,,,,,,,,,,,,,,,,,,,,,,,,,,,,,,,,,
Mariya,Chipinge South,,,,,,,,,,,,,,,,,,,,,,,,,,,,,,,,,,,,,
Maronga,Chipinge South,,,,,,,,,,,,,,,,,,,,,,,,,,,,,,,,,,,,,
Mutovhoti,Chipinge South,,,,,,,,,,,,,,,,,,,,,,,,,,,,,,,,,,,,,
Mwacheta,Chipinge South,,,,,,,,,,,,,,,,,,,,,,,,,,,,,,,,,,,,,
Rimbi,Chipinge South,,,,,,,,,,,,,,,,,,,,,,,,,,,,,,,,,,,,,
Tongogara,Chipinge South,,,,,,,,,,,,,,,,,,,,,,,,,,,,,,,,,,,,,
Adelaide Park,Chiremba Central,,,,,,,,,,,,,,,,,,,,,,,,,,,,,,,,,,,,,
Sunway City,Chiremba Central,,,,,,,,,,,,,,,,,,,,,,,,,,,,,,,,,,,,,
Victory Park,Chiremba Central,,,,,,,,,,,,,,,,,,,,,,,,,,,,,,,,,,,,,
Victory Park North,Chiremba Central,,,,,,,,,,,,,,,,,,,,,,,,,,,,,,,,,,,,,
Victory Park West,Chiremba Central,,,,,,,,,,,,,,,,,,,,,,,,,,,,,,,,,,,,,
Windsor Main,Chiremba Central,,,,,,,,,,,,,,,,,,,,,,,,,,,,,,,,,,,,,
Windsor South,Chiremba Central,,,,,,,,,,,,,,,,,,,,,,,,,,,,,,,,,,,,,
Chadcombe,Chiremba North,,,,,,,,,,,,,,,,,,,,,,,,,,,,,,,,,,,,,
Cranborne,Chiremba North,,,,,,,,,,,,,,,,,,,,,,,,,,,,,,,,,,,,,
Hillside,Chiremba North,,,,,,,,,,,,,,,,,,,,,,,,,,,,,,,,,,,,,
Msasa Park,Chiremba North,,,,,,,,,,,,,,,,,,,,,,,,,,,,,,,,,,,,,
Msasa Park East,Chiremba North,,,,,,,,,,,,,,,,,,,,,,,,,,,,,,,,,,,,,
Msasa Zrp,Chiremba North,,,,,,,,,,,,,,,,,,,,,,,,,,,,,,,,,,,,,
Queensdale,Chiremba North,,,,,,,,,,,,,,,,,,,,,,,,,,,,,,,,,,,,,
Domboramwari,Chiremba South,,,,,,,,,,,,,,,,,,,,,,,,,,,,,,,,,,,,,
Domboramwari West,Chiremba South,,,,,,,,,,,,,,,,,,,,,,,,,,,,,,,,,,,,,
Glenfield,Chiremba South,,,,,,,,,,,,,,,,,,,,,,,,,,,,,,,,,,,,,
Glenwood,Chiremba South,,,,,,,,,,,,,,,,,,,,,,,,,,,,,,,,,,,,,
Green Valley,Chiremba South,,,,,,,,,,,,,,,,,,,,,,,,,,,,,,,,,,,,,
Living Hope,Chiremba South,,,,,,,,,,,,,,,,,,,,,,,,,,,,,,,,,,,,,
Makomo East,Chiremba South,,,,,,,,,,,,,,,,,,,,,,,,,,,,,,,,,,,,,
Makomo Main,Chiremba South,,,,,,,,,,,,,,,,,,,,,,,,,,,,,,,,,,,,,
Makomo South,Chiremba South,,,,,,,,,,,,,,,,,,,,,,,,,,,,,,,,,,,,,
Muguta,Chiremba South,,,,,,,,,,,,,,,,,,,,,,,,,,,,,,,,,,,,,
Muguta East,Chiremba South,,,,,,,,,,,,,,,,,,,,,,,,,,,,,,,,,,,,,
Bethel,Chiremba West,,,,,,,,,,,,,,,,,,,,,,,,,,,,,,,,,,,,,
Hatfield Central,Chiremba West,,,,,,,,,,,,,,,,,,,,,,,,,,,,,,,,,,,,,
Hatfield Sda Main,Chiremba West,,,,,,,,,,,,,,,,,,,,,,,,,,,,,,,,,,,,,
Hatfield South,Chiremba West,,,,,,,,,,,,,,,,,,,,,,,,,,,,,,,,,,,,,
Kentucky,Chiremba West,,,,,,,,,,,,,,,,,,,,,,,,,,,,,,,,,,,,,
Logan Park,Chiremba West,,,,,,,,,,,,,,,,,,,,,,,,,,,,,,,,,,,,,
Park Meadowlands,Chiremba West,,,,,,,,,,,,,,,,,,,,,,,,,,,,,,,,,,,,,
Prospect Park,Chiremba West,,,,,,,,,,,,,,,,,,,,,,,,,,,,,,,,,,,,,
Zimphoss,Chiremba West,,,,,,,,,,,,,,,,,,,,,,,,,,,,,,,,,,,,,
Seke 7,Chitungwiza Central,,,,,,,,,,,,,,,,,,,,,,,,,,,,,,,,,,,,,
Seke South,Chitungwiza Central,,,,,,,,,,,,,,,,,,,,,,,,,,,,,,,,,,,,,
Seke West,Chitungwiza Central,,,,,,,,,,,,,,,,,,,,,,,,,,,,,,,,,,,,,
Southview,Chitungwiza Central,,,,,,,,,,,,,,,,,,,,,,,,,,,,,,,,,,,,,
Zengeza 4,Chitungwiza Central,,,,,,,,,,,,,,,,,,,,,,,,,,,,,,,,,,,,,
Zengeza 4 South,Chitungwiza Central,,,,,,,,,,,,,,,,,,,,,,,,,,,,,,,,,,,,,
Collegeview,Chitungwiza East,,,,,,,,,,,,,,,,,,,,,,,,,,,,,,,,,,,,,
Green Valley Chitungwiza,Chitungwiza East,,,,,,,,,,,,,,,,,,,,,,,,,,,,,,,,,,,,,
Lakeside,Chitungwiza East,,,,,,,,,,,,,,,,,,,,,,,,,,,,,,,,,,,,,
Macedonia,Chitungwiza East,,,,,,,,,,,,,,,,,,,,,,,,,,,,,,,,,,,,,
Riverside Park - Chitungwiza East,Chitungwiza East,,,,,,,,,,,,,,,,,,,,,,,,,,,,,,,,,,,,,
Seke East,Chitungwiza East,,,,,,,,,,,,,,,,,,,,,,,,,,,,,,,,,,,,,
Seke North,Chitungwiza East,,,,,,,,,,,,,,,,,,,,,,,,,,,,,,,,,,,,,
Seke North East,Chitungwiza East,,,,,,,,,,,,,,,,,,,,,,,,,,,,,,,,,,,,,
Unit O Central,Chitungwiza East,,,,,,,,,,,,,,,,,,,,,,,,,,,,,,,,,,,,,
Unit O North,Chitungwiza East,,,,,,,,,,,,,,,,,,,,,,,,,,,,,,,,,,,,,
Unit O South,Chitungwiza East,,,,,,,,,,,,,,,,,,,,,,,,,,,,,,,,,,,,,
Unit P Ext,Chitungwiza East,,,,,,,,,,,,,,,,,,,,,,,,,,,,,,,,,,,,,
Chitungwiza Town Centre,Chitungwiza North,,,,,,,,,,,,,,,,,,,,,,,,,,,,,,,,,,,,,
Mayambara East,Chitungwiza North,,,,,,,,,,,,,,,,,,,,,,,,,,,,,,,,,,,,,
Parkview,Chitungwiza North,,,,,,,,,,,,,,,,,,,,,,,,,,,,,,,,,,,,,
Seke,Chitungwiza North,,,,,,,,,,,,,,,,,,,,,,,,,,,,,,,,,,,,,
Seke 8,Chitungwiza North,,,,,,,,,,,,,,,,,,,,,,,,,,,,,,,,,,,,,
Unit A Extension,Chitungwiza North,,,,,,,,,,,,,,,,,,,,,,,,,,,,,,,,,,,,,
Unit B Battle Creek,Chitungwiza North,,,,,,,,,,,,,,,,,,,,,,,,,,,,,,,,,,,,,
Zengeza 4 North,Chitungwiza North,,,,,,,,,,,,,,,,,,,,,,,,,,,,,,,,,,,,,
Blessed Hope,Chitungwiza South,,,,,,,,,,,,,,,,,,,,,,,,,,,,,,,,,,,,,
Centralview,Chitungwiza South,,,,,,,,,,,,,,,,,,,,,,,,,,,,,,,,,,,,,
Centralview South,Chitungwiza South,,,,,,,,,,,,,,,,,,,,,,,,,,,,,,,,,,,,,
Mount Valley,Chitungwiza South,,,,,,,,,,,,,,,,,,,,,,,,,,,,,,,,,,,,,
Seke Central,Chitungwiza South,,,,,,,,,,,,,,,,,,,,,,,,,,,,,,,,,,,,,
Seke South East,Chitungwiza South,,,,,,,,,,,,,,,,,,,,,,,,,,,,,,,,,,,,,
Streamside,Chitungwiza South,,,,,,,,,,,,,,,,,,,,,,,,,,,,,,,,,,,,,
Unit F Bethel,Chitungwiza South,,,,,,,,,,,,,,,,,,,,,,,,,,,,,,,,,,,,,
Chirasauta,Chivhu East,,,,,,,,,,,,,,,,,,,,,,,,,,,,,,,,,,,,,
Chivhu West - Head Quarters,Chivhu East,,,,,,,,,,,,,,,,,,,,,,,,,,,,,,,,,,,,,
Cold Streams,Chivhu East,,,,,,,,,,,,,,,,,,,,,,,,,,,,,,,,,,,,,
Dhombo,Chivhu East,,,,,,,,,,,,,,,,,,,,,,,,,,,,,,,,,,,,,
Domboidzva,Chivhu East,,,,,,,,,,,,,,,,,,,,,,,,,,,,,,,,,,,,,
Dzidze,Chivhu East,,,,,,,,,,,,,,,,,,,,,,,,,,,,,,,,,,,,,
Gandami,Chivhu East,,,,,,,,,,,,,,,,,,,,,,,,,,,,,,,,,,,,,
Gokomere,Chivhu East,,,,,,,,,,,,,,,,,,,,,,,,,,,,,,,,,,,,,
Makonwe,Chivhu East,,,,,,,,,,,,,,,,,,,,,,,,,,,,,,,,,,,,,
Makungurubwe,Chivhu East,,,,,,,,,,,,,,,,,,,,,,,,,,,,,,,,,,,,,
Manyanga,Chivhu East,,,,,,,,,,,,,,,,,,,,,,,,,,,,,,,,,,,,,
Mapukutu,Chivhu East,,,,,,,,,,,,,,,,,,,,,,,,,,,,,,,,,,,,,
Mashayamvura Chivhu,Chivhu East,,,,,,,,,,,,,,,,,,,,,,,,,,,,,,,,,,,,,
Mhari,Chivhu East,,,,,,,,,,,,,,,,,,,,,,,,,,,,,,,,,,,,,
Muguza,Chivhu East,,,,,,,,,,,,,,,,,,,,,,,,,,,,,,,,,,,,,
Muvhuti,Chivhu East,,,,,,,,,,,,,,,,,,,,,,,,,,,,,,,,,,,,,
Nhangabwe,Chivhu East,,,,,,,,,,,,,,,,,,,,,,,,,,,,,,,,,,,,,
Redhill,Chivhu East,,,,,,,,,,,,,,,,,,,,,,,,,,,,,,,,,,,,,
Sadza,Chivhu East,,,,,,,,,,,,,,,,,,,,,,,,,,,,,,,,,,,,,
Sanganai,Chivhu East,,,,,,,,,,,,,,,,,,,,,,,,,,,,,,,,,,,,,
Tasarirenhamo,Chivhu East,,,,,,,,,,,,,,,,,,,,,,,,,,,,,,,,,,,,,
Tawombera West,Chivhu East,,,,,,,,,,,,,,,,,,,,,,,,,,,,,,,,,,,,,
Warikandwa,Chivhu East,,,,,,,,,,,,,,,,,,,,,,,,,,,,,,,,,,,,,
Banza,Chivhu West,,,,,,,,,,,,,,,,,,,,,,,,,,,,,,,,,,,,,
Bvumbura,Chivhu West,,,,,,,,,,,,,,,,,,,,,,,,,,,,,,,,,,,,,
Chapwanya,Chivhu West,,,,,,,,,,,,,,,,,,,,,,,,,,,,,,,,,,,,,
Chemunhanzva,Chivhu West,,,,,,,,,,,,,,,,,,,,,,,,,,,,,,,,,,,,,
Chigavakava,Chivhu West,,,,,,,,,,,,,,,,,,,,,,,,,,,,,,,,,,,,,
Chigora,Chivhu West,,,,,,,,,,,,,,,,,,,,,,,,,,,,,,,,,,,,,
Chikomba,Chivhu West,,,,,,,,,,,,,,,,,,,,,,,,,,,,,,,,,,,,,
Chipisa,Chivhu West,,,,,,,,,,,,,,,,,,,,,,,,,,,,,,,,,,,,,
Chivhu,Chivhu West,,,,,,,,,,,,,,,,,,,,,,,,,,,,,,,,,,,,,
Chivhu Central City,Chivhu West,,,,,,,,,,,,,,,,,,,,,,,,,,,,,,,,,,,,,
Concordia,Chivhu West,,,,,,,,,,,,,,,,,,,,,,,,,,,,,,,,,,,,,
Govere,Chivhu West,,,,,,,,,,,,,,,,,,,,,,,,,,,,,,,,,,,,,
Highview,Chivhu West,,,,,,,,,,,,,,,,,,,,,,,,,,,,,,,,,,,,,
Hokonya,Chivhu West,,,,,,,,,,,,,,,,,,,,,,,,,,,,,,,,,,,,,
Madamombe,Chivhu West,,,,,,,,,,,,,,,,,,,,,,,,,,,,,,,,,,,,,
Mahusvu,Chivhu West,,,,,,,,,,,,,,,,,,,,,,,,,,,,,,,,,,,,,
Manyene,Chivhu West,,,,,,,,,,,,,,,,,,,,,,,,,,,,,,,,,,,,,
Maranatha,Chivhu West,,,,,,,,,,,,,,,,,,,,,,,,,,,,,,,,,,,,,
Marondamashanu,Chivhu West,,,,,,,,,,,,,,,,,,,,,,,,,,,,,,,,,,,,,
Masasa- Chivhu West,Chivhu West,,,,,,,,,,,,,,,,,,,,,,,,,,,,,,,,,,,,,
Mboe,Chivhu West,,,,,,,,,,,,,,,,,,,,,,,,,,,,,,,,,,,,,
Meyer,Chivhu West,,,,,,,,,,,,,,,,,,,,,,,,,,,,,,,,,,,,,
Mwerahari,Chivhu West,,,,,,,,,,,,,,,,,,,,,,,,,,,,,,,,,,,,,
Nharira,Chivhu West,,,,,,,,,,,,,,,,,,,,,,,,,,,,,,,,,,,,,
Northwood,Chivhu West,,,,,,,,,,,,,,,,,,,,,,,,,,,,,,,,,,,,,
Nyazvidzi,Chivhu West,,,,,,,,,,,,,,,,,,,,,,,,,,,,,,,,,,,,,
Pimbi,Chivhu West,,,,,,,,,,,,,,,,,,,,,,,,,,,,,,,,,,,,,
Range,Chivhu West,,,,,,,,,,,,,,,,,,,,,,,,,,,,,,,,,,,,,
Rutendo,Chivhu West,,,,,,,,,,,,,,,,,,,,,,,,,,,,,,,,,,,,,
Shingirirai,Chivhu West,,,,,,,,,,,,,,,,,,,,,,,,,,,,,,,,,,,,,
Topera,Chivhu West,,,,,,,,,,,,,,,,,,,,,,,,,,,,,,,,,,,,,
Tsaurai,Chivhu West,,,,,,,,,,,,,,,,,,,,,,,,,,,,,,,,,,,,,
Unyetu,Chivhu West,,,,,,,,,,,,,,,,,,,,,,,,,,,,,,,,,,,,,
Zheke,Chivhu West,,,,,,,,,,,,,,,,,,,,,,,,,,,,,,,,,,,,,
Zhenje,Chivhu West,,,,,,,,,,,,,,,,,,,,,,,,,,,,,,,,,,,,,
City West,City North,,,,,,,,,,,,,,,,,,,,,,,,,,,,,,,,,,,,,
Cornerstone,City North,,,,,,,,,,,,,,,,,,,,,,,,,,,,,,,,,,,,,
Depot,City North,,,,,,,,,,,,,,,,,,,,,,,,,,,,,,,,,,,,,
Parirenyatwa Sda Church,City North,,,,,,,,,,,,,,,,,,,,,,,,,,,,,,,,,,,,,
Damafalls East,Damofalls,,,,,,,,,,,,,,,,,,,,,,,,,,,,,,,,,,,,,
Damafalls Main,Damofalls,,,,,,,,,,,,,,,,,,,,,,,,,,,,,,,,,,,,,
Damofalls West,Damofalls,,,,,,,,,,,,,,,,,,,,,,,,,,,,,,,,,,,,,
Eastern Fountain,Damofalls,,,,,,,,,,,,,,,,,,,,,,,,,,,,,,,,,,,,,
Eastview Phase 19,Damofalls,,,,,,,,,,,,,,,,,,,,,,,,,,,,,,,,,,,,,
Eastview Phase 20,Damofalls,,,,,,,,,,,,,,,,,,,,,,,,,,,,,,,,,,,,,
Fairview,Damofalls,,,,,,,,,,,,,,,,,,,,,,,,,,,,,,,,,,,,,
Sebastopol,Damofalls,,,,,,,,,,,,,,,,,,,,,,,,,,,,,,,,,,,,,
Springvale,Damofalls,,,,,,,,,,,,,,,,,,,,,,,,,,,,,,,,,,,,,
Tarisa Park,Damofalls,,,,,,,,,,,,,,,,,,,,,,,,,,,,,,,,,,,,,
Bethel Phase 10,Eastview,,,,,,,,,,,,,,,,,,,,,,,,,,,,,,,,,,,,,
Eastdale Central,Eastview,,,,,,,,,,,,,,,,,,,,,,,,,,,,,,,,,,,,,
Eastdale East,Eastview,,,,,,,,,,,,,,,,,,,,,,,,,,,,,,,,,,,,,
Eastdale Main,Eastview,,,,,,,,,,,,,,,,,,,,,,,,,,,,,,,,,,,,,
Eastdale Multicultural,Eastview,,,,,,,,,,,,,,,,,,,,,,,,,,,,,,,,,,,,,
Eastdale North,Eastview,,,,,,,,,,,,,,,,,,,,,,,,,,,,,,,,,,,,,
Eastdale South,Eastview,,,,,,,,,,,,,,,,,,,,,,,,,,,,,,,,,,,,,
Eastdale Sunshine,Eastview,,,,,,,,,,,,,,,,,,,,,,,,,,,,,,,,,,,,,
Eastdale West,Eastview,,,,,,,,,,,,,,,,,,,,,,,,,,,,,,,,,,,,,
Eastern Creek ( Eastdale Phase 6),Eastview,,,,,,,,,,,,,,,,,,,,,,,,,,,,,,,,,,,,,
Eastern Heights,Eastview,,,,,,,,,,,,,,,,,,,,,,,,,,,,,,,,,,,,,
Genesis,Eastview,,,,,,,,,,,,,,,,,,,,,,,,,,,,,,,,,,,,,
Missionary,Eastview,,,,,,,,,,,,,,,,,,,,,,,,,,,,,,,,,,,,,
Mount Camel,Eastview,,,,,,,,,,,,,,,,,,,,,,,,,,,,,,,,,,,,,
Mount View Phase 14,Eastview,,,,,,,,,,,,,,,,,,,,,,,,,,,,,,,,,,,,,
Mt Horerb,Eastview,,,,,,,,,,,,,,,,,,,,,,,,,,,,,,,,,,,,,
Western Creek,Eastview,,,,,,,,,,,,,,,,,,,,,,,,,,,,,,,,,,,,,
Chisipite,Glenara,,,,,,,,,,,,,,,,,,,,,,,,,,,,,,,,,,,,,
Harare City East,Glenara,,,,,,,,,,,,,,,,,,,,,,,,,,,,,,,,,,,,,
Newlands,Glenara,,,,,,,,,,,,,,,,,,,,,,,,,,,,,,,,,,,,,
Chishawasha,Glenara East,,,,,,,,,,,,,,,,,,,,,,,,,,,,,,,,,,,,,
Mandara,Glenara East,,,,,,,,,,,,,,,,,,,,,,,,,,,,,,,,,,,,,
Mandara North,Glenara East,,,,,,,,,,,,,,,,,,,,,,,,,,,,,,,,,,,,,
Shawasha,Glenara East,,,,,,,,,,,,,,,,,,,,,,,,,,,,,,,,,,,,,
Eastlea,Glenara South,,,,,,,,,,,,,,,,,,,,,,,,,,,,,,,,,,,,,
Eastlea North,Glenara South,,,,,,,,,,,,,,,,,,,,,,,,,,,,,,,,,,,,,
Greendale,Glenara South,,,,,,,,,,,,,,,,,,,,,,,,,,,,,,,,,,,,,
Letombo,Glenara South,,,,,,,,,,,,,,,,,,,,,,,,,,,,,,,,,,,,,
Manressa,Glenara South,,,,,,,,,,,,,,,,,,,,,,,,,,,,,,,,,,,,,
Rhodesville,Glenara South,,,,,,,,,,,,,,,,,,,,,,,,,,,,,,,,,,,,,
Arcturus,Goromonzi,,,,,,,,,,,,,,,,,,,,,,,,,,,,,,,,,,,,,
Chiweshe,Goromonzi,,,,,,,,,,,,,,,,,,,,,,,,,,,,,,,,,,,,,
Goromonzi,Goromonzi,,,,,,,,,,,,,,,,,,,,,,,,,,,,,,,,,,,,,
Goromonzi East,Goromonzi,,,,,,,,,,,,,,,,,,,,,,,,,,,,,,,,,,,,,
Goromonzi North,Goromonzi,,,,,,,,,,,,,,,,,,,,,,,,,,,,,,,,,,,,,
Goromonzi South,Goromonzi,,,,,,,,,,,,,,,,,,,,,,,,,,,,,,,,,,,,,
Goromonzi West,Goromonzi,,,,,,,,,,,,,,,,,,,,,,,,,,,,,,,,,,,,,
Kamhiripiri,Goromonzi,,,,,,,,,,,,,,,,,,,,,,,,,,,,,,,,,,,,,
Manor,Goromonzi,,,,,,,,,,,,,,,,,,,,,,,,,,,,,,,,,,,,,
Melfort,Goromonzi,,,,,,,,,,,,,,,,,,,,,,,,,,,,,,,,,,,,,
Mwanza,Goromonzi,,,,,,,,,,,,,,,,,,,,,,,,,,,,,,,,,,,,,
Norah,Goromonzi,,,,,,,,,,,,,,,,,,,,,,,,,,,,,,,,,,,,,
Rusike Central,Goromonzi,,,,,,,,,,,,,,,,,,,,,,,,,,,,,,,,,,,,,
Rusike East,Goromonzi,,,,,,,,,,,,,,,,,,,,,,,,,,,,,,,,,,,,,
Rusike-goromonzi,Goromonzi,,,,,,,,,,,,,,,,,,,,,,,,,,,,,,,,,,,,,
Selair,Goromonzi,,,,,,,,,,,,,,,,,,,,,,,,,,,,,,,,,,,,,
Surrey,Goromonzi,,,,,,,,,,,,,,,,,,,,,,,,,,,,,,,,,,,,,
Valley Hill,Goromonzi,,,,,,,,,,,,,,,,,,,,,,,,,,,,,,,,,,,,,
Harare Main,Harare Central,,,,,,,,,,,,,,,,,,,,,,,,,,,,,,,,,,,,,
Magaba,Harare Central,,,,,,,,,,,,,,,,,,,,,,,,,,,,,,,,,,,,,
Mbare,Harare Central,,,,,,,,,,,,,,,,,,,,,,,,,,,,,,,,,,,,,
National East,Harare Central,,,,,,,,,,,,,,,,,,,,,,,,,,,,,,,,,,,,,
National Main,Harare Central,,,,,,,,,,,,,,,,,,,,,,,,,,,,,,,,,,,,,
National South,Harare Central,,,,,,,,,,,,,,,,,,,,,,,,,,,,,,,,,,,,,
Sunningdale 2 West,Harare Central,,,,,,,,,,,,,,,,,,,,,,,,,,,,,,,,,,,,,
Sunningdale Main,Harare Central,,,,,,,,,,,,,,,,,,,,,,,,,,,,,,,,,,,,,
Harare City Centre,Harare City Centre,,,,,,,,,,,,,,,,,,,,,,,,,,,,,,,,,,,,,
Railway,Harare City Centre,,,,,,,,,,,,,,,,,,,,,,,,,,,,,,,,,,,,,
Amsterdam,Harare South,,,,,,,,,,,,,,,,,,,,,,,,,,,,,,,,,,,,,
Blackfordby,Harare South,,,,,,,,,,,,,,,,,,,,,,,,,,,,,,,,,,,,,
Hopley,Harare South,,,,,,,,,,,,,,,,,,,,,,,,,,,,,,,,,,,,,
Hopley East,Harare South,,,,,,,,,,,,,,,,,,,,,,,,,,,,,,,,,,,,,
Hopley South,Harare South,,,,,,,,,,,,,,,,,,,,,,,,,,,,,,,,,,,,,
Hunyani Highview,Harare South,,,,,,,,,,,,,,,,,,,,,,,,,,,,,,,,,,,,,
Southlea Park Central,Harare South,,,,,,,,,,,,,,,,,,,,,,,,,,,,,,,,,,,,,
Southlea Park Main,Harare South,,,,,,,,,,,,,,,,,,,,,,,,,,,,,,,,,,,,,
Southlea Park West,Harare South,,,,,,,,,,,,,,,,,,,,,,,,,,,,,,,,,,,,,
Southridge,Harare South,,,,,,,,,,,,,,,,,,,,,,,,,,,,,,,,,,,,,
Tariro South,Harare South,,,,,,,,,,,,,,,,,,,,,,,,,,,,,,,,,,,,,
Batanai,Headlands ,,,,,,,,,,,,,,,,,,,,,,,,,,,,,,,,,,,,,
Bimha,Headlands ,,,,,,,,,,,,,,,,,,,,,,,,,,,,,,,,,,,,,
Bingaguru,Headlands ,,,,,,,,,,,,,,,,,,,,,,,,,,,,,,,,,,,,,
Bota,Headlands ,,,,,,,,,,,,,,,,,,,,,,,,,,,,,,,,,,,,,
Chendambuya,Headlands ,,,,,,,,,,,,,,,,,,,,,,,,,,,,,,,,,,,,,
Chidhindo,Headlands ,,,,,,,,,,,,,,,,,,,,,,,,,,,,,,,,,,,,,
Chikore,Headlands ,,,,,,,,,,,,,,,,,,,,,,,,,,,,,,,,,,,,,
Chinyudze,Headlands ,,,,,,,,,,,,,,,,,,,,,,,,,,,,,,,,,,,,,
Chirarangwe,Headlands ,,,,,,,,,,,,,,,,,,,,,,,,,,,,,,,,,,,,,
Chiropa,Headlands ,,,,,,,,,,,,,,,,,,,,,,,,,,,,,,,,,,,,,
Chitachenyasha,Headlands ,,,,,,,,,,,,,,,,,,,,,,,,,,,,,,,,,,,,,
Fishers,Headlands ,,,,,,,,,,,,,,,,,,,,,,,,,,,,,,,,,,,,,
Gandanzara,Headlands ,,,,,,,,,,,,,,,,,,,,,,,,,,,,,,,,,,,,,
Hangaiwa,Headlands ,,,,,,,,,,,,,,,,,,,,,,,,,,,,,,,,,,,,,
Headlands,Headlands ,,,,,,,,,,,,,,,,,,,,,,,,,,,,,,,,,,,,,
Headlands - Fairvield,Headlands ,,,,,,,,,,,,,,,,,,,,,,,,,,,,,,,,,,,,,
Headlands - Masokosa,Headlands ,,,,,,,,,,,,,,,,,,,,,,,,,,,,,,,,,,,,,
Headlands - Pfumoiguru,Headlands ,,,,,,,,,,,,,,,,,,,,,,,,,,,,,,,,,,,,,
Headlands - Tazvinzwa,Headlands ,,,,,,,,,,,,,,,,,,,,,,,,,,,,,,,,,,,,,
Headlands - Yorkshire,Headlands ,,,,,,,,,,,,,,,,,,,,,,,,,,,,,,,,,,,,,
Magaragada,Headlands ,,,,,,,,,,,,,,,,,,,,,,,,,,,,,,,,,,,,,
Maparura,Headlands ,,,,,,,,,,,,,,,,,,,,,,,,,,,,,,,,,,,,,
Maturikidze,Headlands ,,,,,,,,,,,,,,,,,,,,,,,,,,,,,,,,,,,,,
Mawaya,Headlands ,,,,,,,,,,,,,,,,,,,,,,,,,,,,,,,,,,,,,
Mayo,Headlands ,,,,,,,,,,,,,,,,,,,,,,,,,,,,,,,,,,,,,
Mazambaraedenga,Headlands ,,,,,,,,,,,,,,,,,,,,,,,,,,,,,,,,,,,,,
Mubvakure,Headlands ,,,,,,,,,,,,,,,,,,,,,,,,,,,,,,,,,,,,,
Mugadza,Headlands ,,,,,,,,,,,,,,,,,,,,,,,,,,,,,,,,,,,,,
Mutiwegora,Headlands ,,,,,,,,,,,,,,,,,,,,,,,,,,,,,,,,,,,,,
Mutunguru,Headlands ,,,,,,,,,,,,,,,,,,,,,,,,,,,,,,,,,,,,,
Nheta,Headlands ,,,,,,,,,,,,,,,,,,,,,,,,,,,,,,,,,,,,,
Nyahove,Headlands ,,,,,,,,,,,,,,,,,,,,,,,,,,,,,,,,,,,,,
Nyamazira,Headlands ,,,,,,,,,,,,,,,,,,,,,,,,,,,,,,,,,,,,,
Nyamukamani,Headlands ,,,,,,,,,,,,,,,,,,,,,,,,,,,,,,,,,,,,,
Nyamusosa,Headlands ,,,,,,,,,,,,,,,,,,,,,,,,,,,,,,,,,,,,,
Nyautedzi,Headlands ,,,,,,,,,,,,,,,,,,,,,,,,,,,,,,,,,,,,,
Nyawaro,Headlands ,,,,,,,,,,,,,,,,,,,,,,,,,,,,,,,,,,,,,
Olivia,Headlands ,,,,,,,,,,,,,,,,,,,,,,,,,,,,,,,,,,,,,
Runyange,Headlands ,,,,,,,,,,,,,,,,,,,,,,,,,,,,,,,,,,,,,
Sangodema,Headlands ,,,,,,,,,,,,,,,,,,,,,,,,,,,,,,,,,,,,,
Sherenje,Headlands ,,,,,,,,,,,,,,,,,,,,,,,,,,,,,,,,,,,,,
Timbermills,Headlands ,,,,,,,,,,,,,,,,,,,,,,,,,,,,,,,,,,,,,
Tsikada,Headlands ,,,,,,,,,,,,,,,,,,,,,,,,,,,,,,,,,,,,,
Village 16,Headlands ,,,,,,,,,,,,,,,,,,,,,,,,,,,,,,,,,,,,,
Village 4,Headlands ,,,,,,,,,,,,,,,,,,,,,,,,,,,,,,,,,,,,,
Highlands,Highlands,,,,,,,,,,,,,,,,,,,,,,,,,,,,,,,,,,,,,
18 Miles,Hilside,,,,,,,,,,,,,,,,,,,,,,,,,,,,,,,,,,,,,
Arda Transal,Hilside,,,,,,,,,,,,,,,,,,,,,,,,,,,,,,,,,,,,,
Chipendeka,Hilside,,,,,,,,,,,,,,,,,,,,,,,,,,,,,,,,,,,,,
Fern Valley,Hilside,,,,,,,,,,,,,,,,,,,,,,,,,,,,,,,,,,,,,
Gutaurare,Hilside,,,,,,,,,,,,,,,,,,,,,,,,,,,,,,,,,,,,,
Himalayas,Hilside,,,,,,,,,,,,,,,,,,,,,,,,,,,,,,,,,,,,,
Hope Of Saints,Hilside,,,,,,,,,,,,,,,,,,,,,,,,,,,,,,,,,,,,,
Karuza,Hilside,,,,,,,,,,,,,,,,,,,,,,,,,,,,,,,,,,,,,
Piki,Hilside,,,,,,,,,,,,,,,,,,,,,,,,,,,,,,,,,,,,,
Rocksite,Hilside,,,,,,,,,,,,,,,,,,,,,,,,,,,,,,,,,,,,,
Sakubva Main,Hilside,,,,,,,,,,,,,,,,,,,,,,,,,,,,,,,,,,,,,
Sakubva South,Hilside,,,,,,,,,,,,,,,,,,,,,,,,,,,,,,,,,,,,,
South Valley,Hilside,,,,,,,,,,,,,,,,,,,,,,,,,,,,,,,,,,,,,
Zimunya,Hilside,,,,,,,,,,,,,,,,,,,,,,,,,,,,,,,,,,,,,
Zimunya East,Hilside,,,,,,,,,,,,,,,,,,,,,,,,,,,,,,,,,,,,,
Chaperuka,Honde Valley,,,,,,,,,,,,,,,,,,,,,,,,,,,,,,,,,,,,,
Chisuko,Honde Valley,,,,,,,,,,,,,,,,,,,,,,,,,,,,,,,,,,,,,
Daughters Of Zion Church,Honde Valley,,,,,,,,,,,,,,,,,,,,,,,,,,,,,,,,,,,,,
Dumba - Mutasa,Honde Valley,,,,,,,,,,,,,,,,,,,,,,,,,,,,,,,,,,,,,
EHPL,Honde Valley,,,,,,,,,,,,,,,,,,,,,,,,,,,,,,,,,,,,,
Gatsi,Honde Valley,,,,,,,,,,,,,,,,,,,,,,,,,,,,,,,,,,,,,
Hauna,Honde Valley,,,,,,,,,,,,,,,,,,,,,,,,,,,,,,,,,,,,,
Hauna East,Honde Valley,,,,,,,,,,,,,,,,,,,,,,,,,,,,,,,,,,,,,
Honde River,Honde Valley,,,,,,,,,,,,,,,,,,,,,,,,,,,,,,,,,,,,,
Makwara,Honde Valley,,,,,,,,,,,,,,,,,,,,,,,,,,,,,,,,,,,,,
Mapokana,Honde Valley,,,,,,,,,,,,,,,,,,,,,,,,,,,,,,,,,,,,,
Mapokano,Honde Valley,,,,,,,,,,,,,,,,,,,,,,,,,,,,,,,,,,,,,
Muterere,Honde Valley,,,,,,,,,,,,,,,,,,,,,,,,,,,,,,,,,,,,,
Ngarura,Honde Valley,,,,,,,,,,,,,,,,,,,,,,,,,,,,,,,,,,,,,
Pachije,Honde Valley,,,,,,,,,,,,,,,,,,,,,,,,,,,,,,,,,,,,,
Pimai,Honde Valley,,,,,,,,,,,,,,,,,,,,,,,,,,,,,,,,,,,,,
Sagambe,Honde Valley,,,,,,,,,,,,,,,,,,,,,,,,,,,,,,,,,,,,,
Samanga,Honde Valley,,,,,,,,,,,,,,,,,,,,,,,,,,,,,,,,,,,,,
Samaringa,Honde Valley,,,,,,,,,,,,,,,,,,,,,,,,,,,,,,,,,,,,,
Zindi,Honde Valley,,,,,,,,,,,,,,,,,,,,,,,,,,,,,,,,,,,,,
Bethel I,Juru,,,,,,,,,,,,,,,,,,,,,,,,,,,,,,,,,,,,,
Chigwamba,Juru,,,,,,,,,,,,,,,,,,,,,,,,,,,,,,,,,,,,,
Chipinda (murewa Krall),Juru,,,,,,,,,,,,,,,,,,,,,,,,,,,,,,,,,,,,,
Chitate,Juru,,,,,,,,,,,,,,,,,,,,,,,,,,,,,,,,,,,,,
Damsite,Juru,,,,,,,,,,,,,,,,,,,,,,,,,,,,,,,,,,,,,
Dombwe,Juru,,,,,,,,,,,,,,,,,,,,,,,,,,,,,,,,,,,,,
Gomba,Juru,,,,,,,,,,,,,,,,,,,,,,,,,,,,,,,,,,,,,
Gore,Juru,,,,,,,,,,,,,,,,,,,,,,,,,,,,,,,,,,,,,
Hokodzi,Juru,,,,,,,,,,,,,,,,,,,,,,,,,,,,,,,,,,,,,
Jekwa,Juru,,,,,,,,,,,,,,,,,,,,,,,,,,,,,,,,,,,,,
Joppa,Juru,,,,,,,,,,,,,,,,,,,,,,,,,,,,,,,,,,,,,
Kadenge,Juru,,,,,,,,,,,,,,,,,,,,,,,,,,,,,,,,,,,,,
Kadyamadare,Juru,,,,,,,,,,,,,,,,,,,,,,,,,,,,,,,,,,,,,
Magaya,Juru,,,,,,,,,,,,,,,,,,,,,,,,,,,,,,,,,,,,,
Makaravatwe,Juru,,,,,,,,,,,,,,,,,,,,,,,,,,,,,,,,,,,,,
Mukurazhizha,Juru,,,,,,,,,,,,,,,,,,,,,,,,,,,,,,,,,,,,,
Munamba,Juru,,,,,,,,,,,,,,,,,,,,,,,,,,,,,,,,,,,,,
Mutotozi,Juru,,,,,,,,,,,,,,,,,,,,,,,,,,,,,,,,,,,,,
Nyaguyi,Juru,,,,,,,,,,,,,,,,,,,,,,,,,,,,,,,,,,,,,
The Central-murehwa,Juru,,,,,,,,,,,,,,,,,,,,,,,,,,,,,,,,,,,,,
The Cross,Juru,,,,,,,,,,,,,,,,,,,,,,,,,,,,,,,,,,,,,
Waterloo,Juru,,,,,,,,,,,,,,,,,,,,,,,,,,,,,,,,,,,,,
Zororo,Juru,,,,,,,,,,,,,,,,,,,,,,,,,,,,,,,,,,,,,
Berzeley Bridge,Karirwi,,,,,,,,,,,,,,,,,,,,,,,,,,,,,,,,,,,,,
Bwizi,Karirwi,,,,,,,,,,,,,,,,,,,,,,,,,,,,,,,,,,,,,
Karirwi,Karirwi,,,,,,,,,,,,,,,,,,,,,,,,,,,,,,,,,,,,,
Karirwi High School,Karirwi,,,,,,,,,,,,,,,,,,,,,,,,,,,,,,,,,,,,,
Mabvengwa,Karirwi,,,,,,,,,,,,,,,,,,,,,,,,,,,,,,,,,,,,,
Mushunje,Karirwi,,,,,,,,,,,,,,,,,,,,,,,,,,,,,,,,,,,,,
Ndikudze,Karirwi,,,,,,,,,,,,,,,,,,,,,,,,,,,,,,,,,,,,,
Burney,Macheke,,,,,,,,,,,,,,,,,,,,,,,,,,,,,,,,,,,,,
Caroline,Macheke,,,,,,,,,,,,,,,,,,,,,,,,,,,,,,,,,,,,,
Chagwe,Macheke,,,,,,,,,,,,,,,,,,,,,,,,,,,,,,,,,,,,,
Chipesa,Macheke,,,,,,,,,,,,,,,,,,,,,,,,,,,,,,,,,,,,,
Creglee,Macheke,,,,,,,,,,,,,,,,,,,,,,,,,,,,,,,,,,,,,
Damview,Macheke,,,,,,,,,,,,,,,,,,,,,,,,,,,,,,,,,,,,,
Dhirihori,Macheke,,,,,,,,,,,,,,,,,,,,,,,,,,,,,,,,,,,,,
Dulstone,Macheke,,,,,,,,,,,,,,,,,,,,,,,,,,,,,,,,,,,,,
Engas,Macheke,,,,,,,,,,,,,,,,,,,,,,,,,,,,,,,,,,,,,
Igava,Macheke,,,,,,,,,,,,,,,,,,,,,,,,,,,,,,,,,,,,,
Kanjiva,Macheke,,,,,,,,,,,,,,,,,,,,,,,,,,,,,,,,,,,,,
Macheke,Macheke,,,,,,,,,,,,,,,,,,,,,,,,,,,,,,,,,,,,,
Macheke Central,Macheke,,,,,,,,,,,,,,,,,,,,,,,,,,,,,,,,,,,,,
Macheke West,Macheke,,,,,,,,,,,,,,,,,,,,,,,,,,,,,,,,,,,,,
Masomera,Macheke,,,,,,,,,,,,,,,,,,,,,,,,,,,,,,,,,,,,,
Muchakata,Macheke,,,,,,,,,,,,,,,,,,,,,,,,,,,,,,,,,,,,,
Mupazviriho,Macheke,,,,,,,,,,,,,,,,,,,,,,,,,,,,,,,,,,,,,
Mushangwe,Macheke,,,,,,,,,,,,,,,,,,,,,,,,,,,,,,,,,,,,,
Nhowe,Macheke,,,,,,,,,,,,,,,,,,,,,,,,,,,,,,,,,,,,,
Peter Block,Macheke,,,,,,,,,,,,,,,,,,,,,,,,,,,,,,,,,,,,,
Tafadzwa,Macheke,,,,,,,,,,,,,,,,,,,,,,,,,,,,,,,,,,,,,
Chikurubi,Mafara,,,,,,,,,,,,,,,,,,,,,,,,,,,,,,,,,,,,,
Circle Cement,Mafara,,,,,,,,,,,,,,,,,,,,,,,,,,,,,,,,,,,,,
Mabvuku,Mafara,,,,,,,,,,,,,,,,,,,,,,,,,,,,,,,,,,,,,
Mabvuku North,Mafara,,,,,,,,,,,,,,,,,,,,,,,,,,,,,,,,,,,,,
Mabvuku South,Mafara,,,,,,,,,,,,,,,,,,,,,,,,,,,,,,,,,,,,,
Old Mabvuku,Mafara,,,,,,,,,,,,,,,,,,,,,,,,,,,,,,,,,,,,,
Support Unit,Mafara,,,,,,,,,,,,,,,,,,,,,,,,,,,,,,,,,,,,,
Tafara Central,Mafara,,,,,,,,,,,,,,,,,,,,,,,,,,,,,,,,,,,,,
Tafara Main,Mafara,,,,,,,,,,,,,,,,,,,,,,,,,,,,,,,,,,,,,
Chiedza,Makoni Central,,,,,,,,,,,,,,,,,,,,,,,,,,,,,,,,,,,,,
Chinungu,Makoni Central,,,,,,,,,,,,,,,,,,,,,,,,,,,,,,,,,,,,,
Dumbamwe,Makoni Central,,,,,,,,,,,,,,,,,,,,,,,,,,,,,,,,,,,,,
Ephesus,Makoni Central,,,,,,,,,,,,,,,,,,,,,,,,,,,,,,,,,,,,,
Mabvazuva,Makoni Central,,,,,,,,,,,,,,,,,,,,,,,,,,,,,,,,,,,,,
Magamba- Makoni Central,Makoni Central,,,,,,,,,,,,,,,,,,,,,,,,,,,,,,,,,,,,,
Magunda,Makoni Central,,,,,,,,,,,,,,,,,,,,,,,,,,,,,,,,,,,,,
Manda,Makoni Central,,,,,,,,,,,,,,,,,,,,,,,,,,,,,,,,,,,,,
Mangunda,Makoni Central,,,,,,,,,,,,,,,,,,,,,,,,,,,,,,,,,,,,,
Nyahukwe,Makoni Central,,,,,,,,,,,,,,,,,,,,,,,,,,,,,,,,,,,,,
Rusape City Centre,Makoni Central,,,,,,,,,,,,,,,,,,,,,,,,,,,,,,,,,,,,,
Silverbow,Makoni Central,,,,,,,,,,,,,,,,,,,,,,,,,,,,,,,,,,,,,
St Faith,Makoni Central,,,,,,,,,,,,,,,,,,,,,,,,,,,,,,,,,,,,,
Woodlands- Makoni Central,Makoni Central,,,,,,,,,,,,,,,,,,,,,,,,,,,,,,,,,,,,,
Chikunguru,Makoni East,,,,,,,,,,,,,,,,,,,,,,,,,,,,,,,,,,,,,
Chimbike,Makoni East,,,,,,,,,,,,,,,,,,,,,,,,,,,,,,,,,,,,,
Chinyama,Makoni East,,,,,,,,,,,,,,,,,,,,,,,,,,,,,,,,,,,,,
Chirimutsitu,Makoni East,,,,,,,,,,,,,,,,,,,,,,,,,,,,,,,,,,,,,
Gwasira,Makoni East,,,,,,,,,,,,,,,,,,,,,,,,,,,,,,,,,,,,,
Gwidza,Makoni East,,,,,,,,,,,,,,,,,,,,,,,,,,,,,,,,,,,,,
Gwindingwi,Makoni East,,,,,,,,,,,,,,,,,,,,,,,,,,,,,,,,,,,,,
Majakwara,Makoni East,,,,,,,,,,,,,,,,,,,,,,,,,,,,,,,,,,,,,
Mugwambi,Makoni East,,,,,,,,,,,,,,,,,,,,,,,,,,,,,,,,,,,,,
Mushawa,Makoni East,,,,,,,,,,,,,,,,,,,,,,,,,,,,,,,,,,,,,
Mutenure,Makoni East,,,,,,,,,,,,,,,,,,,,,,,,,,,,,,,,,,,,,
Muzvimbe,Makoni East,,,,,,,,,,,,,,,,,,,,,,,,,,,,,,,,,,,,,
Nyamajura,Makoni East,,,,,,,,,,,,,,,,,,,,,,,,,,,,,,,,,,,,,
Nyamatanda,Makoni East,,,,,,,,,,,,,,,,,,,,,,,,,,,,,,,,,,,,,
Nyamatsina,Makoni East,,,,,,,,,,,,,,,,,,,,,,,,,,,,,,,,,,,,,
Quagqakloof,Makoni East,,,,,,,,,,,,,,,,,,,,,,,,,,,,,,,,,,,,,
Rugoyi,Makoni East,,,,,,,,,,,,,,,,,,,,,,,,,,,,,,,,,,,,,
Tendere,Makoni East,,,,,,,,,,,,,,,,,,,,,,,,,,,,,,,,,,,,,
Bethel-Makoni South,Makoni South,,,,,,,,,,,,,,,,,,,,,,,,,,,,,,,,,,,,,
Chikato,Makoni South,,,,,,,,,,,,,,,,,,,,,,,,,,,,,,,,,,,,,
Chimbondi,Makoni South,,,,,,,,,,,,,,,,,,,,,,,,,,,,,,,,,,,,,
Chinembiri,Makoni South,,,,,,,,,,,,,,,,,,,,,,,,,,,,,,,,,,,,,
Donhodzo,Makoni South,,,,,,,,,,,,,,,,,,,,,,,,,,,,,,,,,,,,,
Katsenga,Makoni South,,,,,,,,,,,,,,,,,,,,,,,,,,,,,,,,,,,,,
Kudziwa,Makoni South,,,,,,,,,,,,,,,,,,,,,,,,,,,,,,,,,,,,,
Mhukayesango,Makoni South,,,,,,,,,,,,,,,,,,,,,,,,,,,,,,,,,,,,,
Mount Moria/kass,Makoni South,,,,,,,,,,,,,,,,,,,,,,,,,,,,,,,,,,,,,
Mt View,Makoni South,,,,,,,,,,,,,,,,,,,,,,,,,,,,,,,,,,,,,
Tinokunda,Makoni South,,,,,,,,,,,,,,,,,,,,,,,,,,,,,,,,,,,,,
Chehumba,Makoni West,,,,,,,,,,,,,,,,,,,,,,,,,,,,,,,,,,,,,
Chirisa,Makoni West,,,,,,,,,,,,,,,,,,,,,,,,,,,,,,,,,,,,,
Chiunya,Makoni West,,,,,,,,,,,,,,,,,,,,,,,,,,,,,,,,,,,,,
Dewedzo,Makoni West,,,,,,,,,,,,,,,,,,,,,,,,,,,,,,,,,,,,,
Dewedzo East,Makoni West,,,,,,,,,,,,,,,,,,,,,,,,,,,,,,,,,,,,,
Dewedzo West,Makoni West,,,,,,,,,,,,,,,,,,,,,,,,,,,,,,,,,,,,,
Dohwa,Makoni West,,,,,,,,,,,,,,,,,,,,,,,,,,,,,,,,,,,,,
Domboremombe,Makoni West,,,,,,,,,,,,,,,,,,,,,,,,,,,,,,,,,,,,,
Gundi,Makoni West,,,,,,,,,,,,,,,,,,,,,,,,,,,,,,,,,,,,,
James,Makoni West,,,,,,,,,,,,,,,,,,,,,,,,,,,,,,,,,,,,,
Makoni West - Mahwedza,Makoni West,,,,,,,,,,,,,,,,,,,,,,,,,,,,,,,,,,,,,
Mutendebvure,Makoni West,,,,,,,,,,,,,,,,,,,,,,,,,,,,,,,,,,,,,
Shangwe,Makoni West,,,,,,,,,,,,,,,,,,,,,,,,,,,,,,,,,,,,,
Wakefield,Makoni West,,,,,,,,,,,,,,,,,,,,,,,,,,,,,,,,,,,,,
Willows,Makoni West,,,,,,,,,,,,,,,,,,,,,,,,,,,,,,,,,,,,,
Airbase,Manyame,,,,,,,,,,,,,,,,,,,,,,,,,,,,,,,,,,,,,
Edensvale,Manyame,,,,,,,,,,,,,,,,,,,,,,,,,,,,,,,,,,,,,
Hopeview,Manyame,,,,,,,,,,,,,,,,,,,,,,,,,,,,,,,,,,,,,
Hunyani,Manyame,,,,,,,,,,,,,,,,,,,,,,,,,,,,,,,,,,,,,
Hunyani West,Manyame,,,,,,,,,,,,,,,,,,,,,,,,,,,,,,,,,,,,,
Manyame Airbase,Manyame,,,,,,,,,,,,,,,,,,,,,,,,,,,,,,,,,,,,,
Manyame Park,Manyame,,,,,,,,,,,,,,,,,,,,,,,,,,,,,,,,,,,,,
River Range,Manyame,,,,,,,,,,,,,,,,,,,,,,,,,,,,,,,,,,,,,
Rockview,Manyame,,,,,,,,,,,,,,,,,,,,,,,,,,,,,,,,,,,,,
Woodford,Manyame,,,,,,,,,,,,,,,,,,,,,,,,,,,,,,,,,,,,,
Chegore,Marange North,,,,,,,,,,,,,,,,,,,,,,,,,,,,,,,,,,,,,
Chibvuwenyu,Marange North,,,,,,,,,,,,,,,,,,,,,,,,,,,,,,,,,,,,,
Chikunda,Marange North,,,,,,,,,,,,,,,,,,,,,,,,,,,,,,,,,,,,,
Chinyamatikiti,Marange North,,,,,,,,,,,,,,,,,,,,,,,,,,,,,,,,,,,,,
Chipango,Marange North,,,,,,,,,,,,,,,,,,,,,,,,,,,,,,,,,,,,,
Chipfatsura,Marange North,,,,,,,,,,,,,,,,,,,,,,,,,,,,,,,,,,,,,
Chirinda,Marange North,,,,,,,,,,,,,,,,,,,,,,,,,,,,,,,,,,,,,
Chiwere,Marange North,,,,,,,,,,,,,,,,,,,,,,,,,,,,,,,,,,,,,
Dambwande,Marange North,,,,,,,,,,,,,,,,,,,,,,,,,,,,,,,,,,,,,
Gwindigwi,Marange North,,,,,,,,,,,,,,,,,,,,,,,,,,,,,,,,,,,,,
Machedye,Marange North,,,,,,,,,,,,,,,,,,,,,,,,,,,,,,,,,,,,,
Machiringoma,Marange North,,,,,,,,,,,,,,,,,,,,,,,,,,,,,,,,,,,,,
Mafararikwa,Marange North,,,,,,,,,,,,,,,,,,,,,,,,,,,,,,,,,,,,,
Makomwe- Marange,Marange North,,,,,,,,,,,,,,,,,,,,,,,,,,,,,,,,,,,,,
Mandisekwe,Marange North,,,,,,,,,,,,,,,,,,,,,,,,,,,,,,,,,,,,,
Manjengwa,Marange North,,,,,,,,,,,,,,,,,,,,,,,,,,,,,,,,,,,,,
Maponde,Marange North,,,,,,,,,,,,,,,,,,,,,,,,,,,,,,,,,,,,,
Marewo,Marange North,,,,,,,,,,,,,,,,,,,,,,,,,,,,,,,,,,,,,
Matambudziko,Marange North,,,,,,,,,,,,,,,,,,,,,,,,,,,,,,,,,,,,,
Mt Zonwe,Marange North,,,,,,,,,,,,,,,,,,,,,,,,,,,,,,,,,,,,,
Mt Zuma,Marange North,,,,,,,,,,,,,,,,,,,,,,,,,,,,,,,,,,,,,
Mukunguma,Marange North,,,,,,,,,,,,,,,,,,,,,,,,,,,,,,,,,,,,,
Mukuni,Marange North,,,,,,,,,,,,,,,,,,,,,,,,,,,,,,,,,,,,,
Munyoro,Marange North,,,,,,,,,,,,,,,,,,,,,,,,,,,,,,,,,,,,,
Murwira,Marange North,,,,,,,,,,,,,,,,,,,,,,,,,,,,,,,,,,,,,
Mutinhe,Marange North,,,,,,,,,,,,,,,,,,,,,,,,,,,,,,,,,,,,,
Nyagundi,Marange North,,,,,,,,,,,,,,,,,,,,,,,,,,,,,,,,,,,,,
Nyagundi 2,Marange North,,,,,,,,,,,,,,,,,,,,,,,,,,,,,,,,,,,,,
Nyakuenda,Marange North,,,,,,,,,,,,,,,,,,,,,,,,,,,,,,,,,,,,,
Nyangani,Marange North,,,,,,,,,,,,,,,,,,,,,,,,,,,,,,,,,,,,,
Nzvenga,Marange North,,,,,,,,,,,,,,,,,,,,,,,,,,,,,,,,,,,,,
Odzi,Marange North,,,,,,,,,,,,,,,,,,,,,,,,,,,,,,,,,,,,,
Philadelphia Marange North,Marange North,,,,,,,,,,,,,,,,,,,,,,,,,,,,,,,,,,,,,
Riverside,Marange North,,,,,,,,,,,,,,,,,,,,,,,,,,,,,,,,,,,,,
Rubatso,Marange North,,,,,,,,,,,,,,,,,,,,,,,,,,,,,,,,,,,,,
The New Canaan,Marange North,,,,,,,,,,,,,,,,,,,,,,,,,,,,,,,,,,,,,
Uchena,Marange North,,,,,,,,,,,,,,,,,,,,,,,,,,,,,,,,,,,,,
Wendumba,Marange North,,,,,,,,,,,,,,,,,,,,,,,,,,,,,,,,,,,,,
Zvirongorwe,Marange North,,,,,,,,,,,,,,,,,,,,,,,,,,,,,,,,,,,,,
Bemhiwa,Marange South,,,,,,,,,,,,,,,,,,,,,,,,,,,,,,,,,,,,,
Chapeyama,Marange South,,,,,,,,,,,,,,,,,,,,,,,,,,,,,,,,,,,,,
Chikonzo,Marange South,,,,,,,,,,,,,,,,,,,,,,,,,,,,,,,,,,,,,
Chikuku,Marange South,,,,,,,,,,,,,,,,,,,,,,,,,,,,,,,,,,,,,
Chikwariro,Marange South,,,,,,,,,,,,,,,,,,,,,,,,,,,,,,,,,,,,,
Chikwariro North,Marange South,,,,,,,,,,,,,,,,,,,,,,,,,,,,,,,,,,,,,
Chiparahwe,Marange South,,,,,,,,,,,,,,,,,,,,,,,,,,,,,,,,,,,,,
Daure,Marange South,,,,,,,,,,,,,,,,,,,,,,,,,,,,,,,,,,,,,
Dungu,Marange South,,,,,,,,,,,,,,,,,,,,,,,,,,,,,,,,,,,,,
Gonora,Marange South,,,,,,,,,,,,,,,,,,,,,,,,,,,,,,,,,,,,,
Mangatu,Marange South,,,,,,,,,,,,,,,,,,,,,,,,,,,,,,,,,,,,,
Manhu,Marange South,,,,,,,,,,,,,,,,,,,,,,,,,,,,,,,,,,,,,
Mapfunde,Marange South,,,,,,,,,,,,,,,,,,,,,,,,,,,,,,,,,,,,,
Marivo,Marange South,,,,,,,,,,,,,,,,,,,,,,,,,,,,,,,,,,,,,
Matiza,Marange South,,,,,,,,,,,,,,,,,,,,,,,,,,,,,,,,,,,,,
Mavhiza,Marange South,,,,,,,,,,,,,,,,,,,,,,,,,,,,,,,,,,,,,
Mukwada,Marange South,,,,,,,,,,,,,,,,,,,,,,,,,,,,,,,,,,,,,
Murehwa,Marange South,,,,,,,,,,,,,,,,,,,,,,,,,,,,,,,,,,,,,
Mutsago,Marange South,,,,,,,,,,,,,,,,,,,,,,,,,,,,,,,,,,,,,
Mutudza,Marange South,,,,,,,,,,,,,,,,,,,,,,,,,,,,,,,,,,,,,
Zikani,Marange South,,,,,,,,,,,,,,,,,,,,,,,,,,,,,,,,,,,,,
Zvipiripiri,Marange South,,,,,,,,,,,,,,,,,,,,,,,,,,,,,,,,,,,,,
Arise And Shine,Marondera East,,,,,,,,,,,,,,,,,,,,,,,,,,,,,,,,,,,,,
Bemba,Marondera East,,,,,,,,,,,,,,,,,,,,,,,,,,,,,,,,,,,,,
Cotter,Marondera East,,,,,,,,,,,,,,,,,,,,,,,,,,,,,,,,,,,,,
Dombotombo,Marondera East,,,,,,,,,,,,,,,,,,,,,,,,,,,,,,,,,,,,,
Eagle Tanning,Marondera East,,,,,,,,,,,,,,,,,,,,,,,,,,,,,,,,,,,,,
Eastview,Marondera East,,,,,,,,,,,,,,,,,,,,,,,,,,,,,,,,,,,,,
Goerge Howard,Marondera East,,,,,,,,,,,,,,,,,,,,,,,,,,,,,,,,,,,,,
Grand Chase,Marondera East,,,,,,,,,,,,,,,,,,,,,,,,,,,,,,,,,,,,,
Kushinga-Marondera East,Marondera East,,,,,,,,,,,,,,,,,,,,,,,,,,,,,,,,,,,,,
Marondera East,Marondera East,,,,,,,,,,,,,,,,,,,,,,,,,,,,,,,,,,,,,
Morningside,Marondera East,,,,,,,,,,,,,,,,,,,,,,,,,,,,,,,,,,,,,
Mutukwa-Marondera East,Marondera East,,,,,,,,,,,,,,,,,,,,,,,,,,,,,,,,,,,,,
Oxford,Marondera East,,,,,,,,,,,,,,,,,,,,,,,,,,,,,,,,,,,,,
Phikelela,Marondera East,,,,,,,,,,,,,,,,,,,,,,,,,,,,,,,,,,,,,
Rapid,Marondera East,,,,,,,,,,,,,,,,,,,,,,,,,,,,,,,,,,,,,
Rockside,Marondera East,,,,,,,,,,,,,,,,,,,,,,,,,,,,,,,,,,,,,
Rusike,Marondera East,,,,,,,,,,,,,,,,,,,,,,,,,,,,,,,,,,,,,
Cherutombo,Marondera West,,,,,,,,,,,,,,,,,,,,,,,,,,,,,,,,,,,,,
Cherutombo North,Marondera West,,,,,,,,,,,,,,,,,,,,,,,,,,,,,,,,,,,,,
Chiseve,Marondera West,,,,,,,,,,,,,,,,,,,,,,,,,,,,,,,,,,,,,
Elmswood,Marondera West,,,,,,,,,,,,,,,,,,,,,,,,,,,,,,,,,,,,,
Grasslands,Marondera West,,,,,,,,,,,,,,,,,,,,,,,,,,,,,,,,,,,,,
Lower Paradise,Marondera West,,,,,,,,,,,,,,,,,,,,,,,,,,,,,,,,,,,,,
Marondera Central,Marondera West,,,,,,,,,,,,,,,,,,,,,,,,,,,,,,,,,,,,,
Marondera City Centre,Marondera West,,,,,,,,,,,,,,,,,,,,,,,,,,,,,,,,,,,,,
Marondera West - Nyameni,Marondera West,,,,,,,,,,,,,,,,,,,,,,,,,,,,,,,,,,,,,
Rockview - Marondera,Marondera West,,,,,,,,,,,,,,,,,,,,,,,,,,,,,,,,,,,,,
Ten Miles,Marondera West,,,,,,,,,,,,,,,,,,,,,,,,,,,,,,,,,,,,,
Wenimbi,Marondera West,,,,,,,,,,,,,,,,,,,,,,,,,,,,,,,,,,,,,
West End,Marondera West,,,,,,,,,,,,,,,,,,,,,,,,,,,,,,,,,,,,,
Chitakatira,Mutare East,,,,,,,,,,,,,,,,,,,,,,,,,,,,,,,,,,,,,
Eastview - Mutare,Mutare East,,,,,,,,,,,,,,,,,,,,,,,,,,,,,,,,,,,,,
Manzununu,Mutare East,,,,,,,,,,,,,,,,,,,,,,,,,,,,,,,,,,,,,
Map-off,Mutare East,,,,,,,,,,,,,,,,,,,,,,,,,,,,,,,,,,,,,
Matika,Mutare East,,,,,,,,,,,,,,,,,,,,,,,,,,,,,,,,,,,,,
Mutare Central,Mutare East,,,,,,,,,,,,,,,,,,,,,,,,,,,,,,,,,,,,,
Noseland,Mutare East,,,,,,,,,,,,,,,,,,,,,,,,,,,,,,,,,,,,,
Florida,Mutare Multicultural,,,,,,,,,,,,,,,,,,,,,,,,,,,,,,,,,,,,,
Hilbright,Mutare Multicultural,,,,,,,,,,,,,,,,,,,,,,,,,,,,,,,,,,,,,
Kingsway Sda Church,Mutare Multicultural,,,,,,,,,,,,,,,,,,,,,,,,,,,,,,,,,,,,,
Mutare Sanctuary,Mutare Multicultural,,,,,,,,,,,,,,,,,,,,,,,,,,,,,,,,,,,,,
Amazing Grace,Mutare South East,,,,,,,,,,,,,,,,,,,,,,,,,,,,,,,,,,,,,
Berzel 2,Mutare South East,,,,,,,,,,,,,,,,,,,,,,,,,,,,,,,,,,,,,
Bvirindi,Mutare South East,,,,,,,,,,,,,,,,,,,,,,,,,,,,,,,,,,,,,
Dangamvura East Sda Church,Mutare South East,,,,,,,,,,,,,,,,,,,,,,,,,,,,,,,,,,,,,
Dangamvura South,Mutare South East,,,,,,,,,,,,,,,,,,,,,,,,,,,,,,,,,,,,,
Gandai,Mutare South East,,,,,,,,,,,,,,,,,,,,,,,,,,,,,,,,,,,,,
Madanga,Mutare South East,,,,,,,,,,,,,,,,,,,,,,,,,,,,,,,,,,,,,
Manzinde,Mutare South East,,,,,,,,,,,,,,,,,,,,,,,,,,,,,,,,,,,,,
Nyamauru,Mutare South East,,,,,,,,,,,,,,,,,,,,,,,,,,,,,,,,,,,,,
Pamphilia,Mutare South East,,,,,,,,,,,,,,,,,,,,,,,,,,,,,,,,,,,,,
Shekinah,Mutare South East,,,,,,,,,,,,,,,,,,,,,,,,,,,,,,,,,,,,,
Sunshine,Mutare South East,,,,,,,,,,,,,,,,,,,,,,,,,,,,,,,,,,,,,
Beaulaland,Mutare South West,,,,,,,,,,,,,,,,,,,,,,,,,,,,,,,,,,,,,
Dangamvura Central,Mutare South West,,,,,,,,,,,,,,,,,,,,,,,,,,,,,,,,,,,,,
Gimview,Mutare South West,,,,,,,,,,,,,,,,,,,,,,,,,,,,,,,,,,,,,
Gimview South,Mutare South West,,,,,,,,,,,,,,,,,,,,,,,,,,,,,,,,,,,,,
Horizon,Mutare South West,,,,,,,,,,,,,,,,,,,,,,,,,,,,,,,,,,,,,
Mountain View,Mutare South West,,,,,,,,,,,,,,,,,,,,,,,,,,,,,,,,,,,,,
Bernview Park,Mutare West,,,,,,,,,,,,,,,,,,,,,,,,,,,,,,,,,,,,,
Chikanga Phase III,Mutare West,,,,,,,,,,,,,,,,,,,,,,,,,,,,,,,,,,,,,
Destview,Mutare West,,,,,,,,,,,,,,,,,,,,,,,,,,,,,,,,,,,,,
Hob House,Mutare West,,,,,,,,,,,,,,,,,,,,,,,,,,,,,,,,,,,,,
Hob House 3,Mutare West,,,,,,,,,,,,,,,,,,,,,,,,,,,,,,,,,,,,,
Hobview,Mutare West,,,,,,,,,,,,,,,,,,,,,,,,,,,,,,,,,,,,,
Hope Fountain,Mutare West,,,,,,,,,,,,,,,,,,,,,,,,,,,,,,,,,,,,,
Natview,Mutare West,,,,,,,,,,,,,,,,,,,,,,,,,,,,,,,,,,,,,
Zimta,Mutare West,,,,,,,,,,,,,,,,,,,,,,,,,,,,,,,,,,,,,
Chidazembe,Mutasa,,,,,,,,,,,,,,,,,,,,,,,,,,,,,,,,,,,,,
Chirarwe,Mutasa,,,,,,,,,,,,,,,,,,,,,,,,,,,,,,,,,,,,,
District Centre,Mutasa,,,,,,,,,,,,,,,,,,,,,,,,,,,,,,,,,,,,,
Eastwood,Mutasa,,,,,,,,,,,,,,,,,,,,,,,,,,,,,,,,,,,,,
Five Streams,Mutasa,,,,,,,,,,,,,,,,,,,,,,,,,,,,,,,,,,,,,
Gonde,Mutasa,,,,,,,,,,,,,,,,,,,,,,,,,,,,,,,,,,,,,
Govhingo,Mutasa,,,,,,,,,,,,,,,,,,,,,,,,,,,,,,,,,,,,,
Guta,Mutasa,,,,,,,,,,,,,,,,,,,,,,,,,,,,,,,,,,,,,
Jombe,Mutasa,,,,,,,,,,,,,,,,,,,,,,,,,,,,,,,,,,,,,
Mapara,Mutasa,,,,,,,,,,,,,,,,,,,,,,,,,,,,,,,,,,,,,
Murinda,Mutasa,,,,,,,,,,,,,,,,,,,,,,,,,,,,,,,,,,,,,
Mwoyoweshumba,Mutasa,,,,,,,,,,,,,,,,,,,,,,,,,,,,,,,,,,,,,
Penhalonga,Mutasa,,,,,,,,,,,,,,,,,,,,,,,,,,,,,,,,,,,,,
Sherukuru,Mutasa,,,,,,,,,,,,,,,,,,,,,,,,,,,,,,,,,,,,,
Toronto,Mutasa,,,,,,,,,,,,,,,,,,,,,,,,,,,,,,,,,,,,,
Tsvingwe,Mutasa,,,,,,,,,,,,,,,,,,,,,,,,,,,,,,,,,,,,,
Watsomba,Mutasa,,,,,,,,,,,,,,,,,,,,,,,,,,,,,,,,,,,,,
Chegore- Nyahuni,Nyahuni,,,,,,,,,,,,,,,,,,,,,,,,,,,,,,,,,,,,,
Chemapango,Nyahuni,,,,,,,,,,,,,,,,,,,,,,,,,,,,,,,,,,,,,
Chitsiga,Nyahuni,,,,,,,,,,,,,,,,,,,,,,,,,,,,,,,,,,,,,
Chivake,Nyahuni,,,,,,,,,,,,,,,,,,,,,,,,,,,,,,,,,,,,,
Makunde Primary,Nyahuni,,,,,,,,,,,,,,,,,,,,,,,,,,,,,,,,,,,,,
Nyahuni,Nyahuni,,,,,,,,,,,,,,,,,,,,,,,,,,,,,,,,,,,,,
Zvomuuyamashonganyika,Nyahuni,,,,,,,,,,,,,,,,,,,,,,,,,,,,,,,,,,,,,
Breamar,Nyambiri,,,,,,,,,,,,,,,,,,,,,,,,,,,,,,,,,,,,,
Edenburg,Nyambiri,,,,,,,,,,,,,,,,,,,,,,,,,,,,,,,,,,,,,
Kareboom,Nyambiri,,,,,,,,,,,,,,,,,,,,,,,,,,,,,,,,,,,,,
Kildonan,Nyambiri,,,,,,,,,,,,,,,,,,,,,,,,,,,,,,,,,,,,,
Kimcote,Nyambiri,,,,,,,,,,,,,,,,,,,,,,,,,,,,,,,,,,,,,
Landas,Nyambiri,,,,,,,,,,,,,,,,,,,,,,,,,,,,,,,,,,,,,
New Farm,Nyambiri,,,,,,,,,,,,,,,,,,,,,,,,,,,,,,,,,,,,,
Nyambiri,Nyambiri,,,,,,,,,,,,,,,,,,,,,,,,,,,,,,,,,,,,,
Nyatsime Central,Nyambiri,,,,,,,,,,,,,,,,,,,,,,,,,,,,,,,,,,,,,
Shangwa,Nyambiri,,,,,,,,,,,,,,,,,,,,,,,,,,,,,,,,,,,,,
Shrewbury,Nyambiri,,,,,,,,,,,,,,,,,,,,,,,,,,,,,,,,,,,,,
Tariro,Nyambiri,,,,,,,,,,,,,,,,,,,,,,,,,,,,,,,,,,,,,
Bonda,Nyanga ,,,,,,,,,,,,,,,,,,,,,,,,,,,,,,,,,,,,,
Bondana,Nyanga ,,,,,,,,,,,,,,,,,,,,,,,,,,,,,,,,,,,,,
Chifambe,Nyanga ,,,,,,,,,,,,,,,,,,,,,,,,,,,,,,,,,,,,,
Chirimanyimo,Nyanga ,,,,,,,,,,,,,,,,,,,,,,,,,,,,,,,,,,,,,
Dombo,Nyanga ,,,,,,,,,,,,,,,,,,,,,,,,,,,,,,,,,,,,,
Fedelity,Nyanga ,,,,,,,,,,,,,,,,,,,,,,,,,,,,,,,,,,,,,
Fombe,Nyanga ,,,,,,,,,,,,,,,,,,,,,,,,,,,,,,,,,,,,,
Fox,Nyanga ,,,,,,,,,,,,,,,,,,,,,,,,,,,,,,,,,,,,,
Gambe,Nyanga ,,,,,,,,,,,,,,,,,,,,,,,,,,,,,,,,,,,,,
Kambudzi,Nyanga ,,,,,,,,,,,,,,,,,,,,,,,,,,,,,,,,,,,,,
Kazozo,Nyanga ,,,,,,,,,,,,,,,,,,,,,,,,,,,,,,,,,,,,,
Macedonia - Nyanga South,Nyanga ,,,,,,,,,,,,,,,,,,,,,,,,,,,,,,,,,,,,,
Magarati,Nyanga ,,,,,,,,,,,,,,,,,,,,,,,,,,,,,,,,,,,,,
Mangezi,Nyanga ,,,,,,,,,,,,,,,,,,,,,,,,,,,,,,,,,,,,,
Manjoro,Nyanga ,,,,,,,,,,,,,,,,,,,,,,,,,,,,,,,,,,,,,
Mapako,Nyanga ,,,,,,,,,,,,,,,,,,,,,,,,,,,,,,,,,,,,,
Matema,Nyanga ,,,,,,,,,,,,,,,,,,,,,,,,,,,,,,,,,,,,,
Mount View Nyanga,Nyanga ,,,,,,,,,,,,,,,,,,,,,,,,,,,,,,,,,,,,,
Munga,Nyanga ,,,,,,,,,,,,,,,,,,,,,,,,,,,,,,,,,,,,,
Nyagamba,Nyanga ,,,,,,,,,,,,,,,,,,,,,,,,,,,,,,,,,,,,,
Nyakomba,Nyanga ,,,,,,,,,,,,,,,,,,,,,,,,,,,,,,,,,,,,,
Nyamahumba,Nyanga ,,,,,,,,,,,,,,,,,,,,,,,,,,,,,,,,,,,,,
Nyamaropa,Nyanga ,,,,,,,,,,,,,,,,,,,,,,,,,,,,,,,,,,,,,
Nyanga,Nyanga ,,,,,,,,,,,,,,,,,,,,,,,,,,,,,,,,,,,,,
Nyanga South,Nyanga ,,,,,,,,,,,,,,,,,,,,,,,,,,,,,,,,,,,,,
Nyarukowa,Nyanga ,,,,,,,,,,,,,,,,,,,,,,,,,,,,,,,,,,,,,
Nyarumvurwe,Nyanga ,,,,,,,,,,,,,,,,,,,,,,,,,,,,,,,,,,,,,
Nyatate,Nyanga ,,,,,,,,,,,,,,,,,,,,,,,,,,,,,,,,,,,,,
Nyautare,Nyanga ,,,,,,,,,,,,,,,,,,,,,,,,,,,,,,,,,,,,,
Ruchera,Nyanga ,,,,,,,,,,,,,,,,,,,,,,,,,,,,,,,,,,,,,
Ruwangwe,Nyanga ,,,,,,,,,,,,,,,,,,,,,,,,,,,,,,,,,,,,,
Samanyika,Nyanga ,,,,,,,,,,,,,,,,,,,,,,,,,,,,,,,,,,,,,
Sedze,Nyanga ,,,,,,,,,,,,,,,,,,,,,,,,,,,,,,,,,,,,,
Shiri,Nyanga ,,,,,,,,,,,,,,,,,,,,,,,,,,,,,,,,,,,,,
Birchenough Bridge,Nyanyadzi,,,,,,,,,,,,,,,,,,,,,,,,,,,,,,,,,,,,,
Birchenough Bridge West,Nyanyadzi,,,,,,,,,,,,,,,,,,,,,,,,,,,,,,,,,,,,,
Cashel Valley,Nyanyadzi,,,,,,,,,,,,,,,,,,,,,,,,,,,,,,,,,,,,,
Chakohwa,Nyanyadzi,,,,,,,,,,,,,,,,,,,,,,,,,,,,,,,,,,,,,
Chiramba,Nyanyadzi,,,,,,,,,,,,,,,,,,,,,,,,,,,,,,,,,,,,,
Chitimani,Nyanyadzi,,,,,,,,,,,,,,,,,,,,,,,,,,,,,,,,,,,,,
Gudyanga,Nyanyadzi,,,,,,,,,,,,,,,,,,,,,,,,,,,,,,,,,,,,,
Hotsprings,Nyanyadzi,,,,,,,,,,,,,,,,,,,,,,,,,,,,,,,,,,,,,
Mabuyaye,Nyanyadzi,,,,,,,,,,,,,,,,,,,,,,,,,,,,,,,,,,,,,
Manesa,Nyanyadzi,,,,,,,,,,,,,,,,,,,,,,,,,,,,,,,,,,,,,
Mhandarume,Nyanyadzi,,,,,,,,,,,,,,,,,,,,,,,,,,,,,,,,,,,,,
Musane,Nyanyadzi,,,,,,,,,,,,,,,,,,,,,,,,,,,,,,,,,,,,,
Mutambara,Nyanyadzi,,,,,,,,,,,,,,,,,,,,,,,,,,,,,,,,,,,,,
Nhedziwa,Nyanyadzi,,,,,,,,,,,,,,,,,,,,,,,,,,,,,,,,,,,,,
Nyambeya,Nyanyadzi,,,,,,,,,,,,,,,,,,,,,,,,,,,,,,,,,,,,,
Nyanyadzi,Nyanyadzi,,,,,,,,,,,,,,,,,,,,,,,,,,,,,,,,,,,,,
Chipembere,Nyazura,,,,,,,,,,,,,,,,,,,,,,,,,,,,,,,,,,,,,
Clare,Nyazura,,,,,,,,,,,,,,,,,,,,,,,,,,,,,,,,,,,,,
Gorubi Spring,Nyazura,,,,,,,,,,,,,,,,,,,,,,,,,,,,,,,,,,,,,
Great Hope,Nyazura,,,,,,,,,,,,,,,,,,,,,,,,,,,,,,,,,,,,,
Manz,Nyazura,,,,,,,,,,,,,,,,,,,,,,,,,,,,,,,,,,,,,
Mt Mainje,Nyazura,,,,,,,,,,,,,,,,,,,,,,,,,,,,,,,,,,,,,
Nyazura Mission Church,Nyazura,,,,,,,,,,,,,,,,,,,,,,,,,,,,,,,,,,,,,
Rupako,Nyazura,,,,,,,,,,,,,,,,,,,,,,,,,,,,,,,,,,,,,
Tsungwezi,Nyazura,,,,,,,,,,,,,,,,,,,,,,,,,,,,,,,,,,,,,
Zvavanhu,Nyazura,,,,,,,,,,,,,,,,,,,,,,,,,,,,,,,,,,,,,
Ardbennie,Oasis,,,,,,,,,,,,,,,,,,,,,,,,,,,,,,,,,,,,,
Hatfield Oasis,Oasis,,,,,,,,,,,,,,,,,,,,,,,,,,,,,,,,,,,,,
Overspill Central,Overspill,,,,,,,,,,,,,,,,,,,,,,,,,,,,,,,,,,,,,
Overspill East,Overspill,,,,,,,,,,,,,,,,,,,,,,,,,,,,,,,,,,,,,
Overspill North,Overspill,,,,,,,,,,,,,,,,,,,,,,,,,,,,,,,,,,,,,
Overspill South,Overspill,,,,,,,,,,,,,,,,,,,,,,,,,,,,,,,,,,,,,
Overspill West,Overspill,,,,,,,,,,,,,,,,,,,,,,,,,,,,,,,,,,,,,
Stopover (epworth),Overspill,,,,,,,,,,,,,,,,,,,,,,,,,,,,,,,,,,,,,
Stopover 1,Overspill,,,,,,,,,,,,,,,,,,,,,,,,,,,,,,,,,,,,,
Stopover 2,Overspill,,,,,,,,,,,,,,,,,,,,,,,,,,,,,,,,,,,,,
Guilstone,Parktown,,,,,,,,,,,,,,,,,,,,,,,,,,,,,,,,,,,,,
Houghton Park,Parktown,,,,,,,,,,,,,,,,,,,,,,,,,,,,,,,,,,,,,
Parktown East,Parktown,,,,,,,,,,,,,,,,,,,,,,,,,,,,,,,,,,,,,
Parktown Main,Parktown,,,,,,,,,,,,,,,,,,,,,,,,,,,,,,,,,,,,,
Parktown West,Parktown,,,,,,,,,,,,,,,,,,,,,,,,,,,,,,,,,,,,,
Bethsaida Special Needs,Prospect,,,,,,,,,,,,,,,,,,,,,,,,,,,,,,,,,,,,,
Mainway Meadows Jordan,Prospect,,,,,,,,,,,,,,,,,,,,,,,,,,,,,,,,,,,,,
Mainway West,Prospect,,,,,,,,,,,,,,,,,,,,,,,,,,,,,,,,,,,,,
Prospect,Prospect,,,,,,,,,,,,,,,,,,,,,,,,,,,,,,,,,,,,,
Prospect Central,Prospect,,,,,,,,,,,,,,,,,,,,,,,,,,,,,,,,,,,,,
Waterfalls East,Prospect,,,,,,,,,,,,,,,,,,,,,,,,,,,,,,,,,,,,,
Eyecourt,Retreat,,,,,,,,,,,,,,,,,,,,,,,,,,,,,,,,,,,,,
Eyestone,Retreat,,,,,,,,,,,,,,,,,,,,,,,,,,,,,,,,,,,,,
Retreat,Retreat,,,,,,,,,,,,,,,,,,,,,,,,,,,,,,,,,,,,,
Retreat Central,Retreat,,,,,,,,,,,,,,,,,,,,,,,,,,,,,,,,,,,,,
Retreat East,Retreat,,,,,,,,,,,,,,,,,,,,,,,,,,,,,,,,,,,,,
Retreat Main,Retreat,,,,,,,,,,,,,,,,,,,,,,,,,,,,,,,,,,,,,
Retreat South,Retreat,,,,,,,,,,,,,,,,,,,,,,,,,,,,,,,,,,,,,
Supersands,Retreat,,,,,,,,,,,,,,,,,,,,,,,,,,,,,,,,,,,,,
Alpha,Rusape,,,,,,,,,,,,,,,,,,,,,,,,,,,,,,,,,,,,,
Bethel - Rusape,Rusape,,,,,,,,,,,,,,,,,,,,,,,,,,,,,,,,,,,,,
Chemarima,Rusape,,,,,,,,,,,,,,,,,,,,,,,,,,,,,,,,,,,,,
Cheneka,Rusape,,,,,,,,,,,,,,,,,,,,,,,,,,,,,,,,,,,,,
Chindukuro,Rusape,,,,,,,,,,,,,,,,,,,,,,,,,,,,,,,,,,,,,
Chitora,Rusape,,,,,,,,,,,,,,,,,,,,,,,,,,,,,,,,,,,,,
Gunda - Rusape,Rusape,,,,,,,,,,,,,,,,,,,,,,,,,,,,,,,,,,,,,
Jerwa,Rusape,,,,,,,,,,,,,,,,,,,,,,,,,,,,,,,,,,,,,
Mabhande,Rusape,,,,,,,,,,,,,,,,,,,,,,,,,,,,,,,,,,,,,
Mabvuwo,Rusape,,,,,,,,,,,,,,,,,,,,,,,,,,,,,,,,,,,,,
Makoni West - Chiware,Rusape,,,,,,,,,,,,,,,,,,,,,,,,,,,,,,,,,,,,,
Makoni West - Domboreshato,Rusape,,,,,,,,,,,,,,,,,,,,,,,,,,,,,,,,,,,,,
Manonga,Rusape,,,,,,,,,,,,,,,,,,,,,,,,,,,,,,,,,,,,,
Masvosva,Rusape,,,,,,,,,,,,,,,,,,,,,,,,,,,,,,,,,,,,,
Ngove,Rusape,,,,,,,,,,,,,,,,,,,,,,,,,,,,,,,,,,,,,
Nharire - Makoni West,Rusape,,,,,,,,,,,,,,,,,,,,,,,,,,,,,,,,,,,,,
Nyamapembere,Rusape,,,,,,,,,,,,,,,,,,,,,,,,,,,,,,,,,,,,,
Rusape Central,Rusape,,,,,,,,,,,,,,,,,,,,,,,,,,,,,,,,,,,,,
Rusape East,Rusape,,,,,,,,,,,,,,,,,,,,,,,,,,,,,,,,,,,,,
Rusape North,Rusape,,,,,,,,,,,,,,,,,,,,,,,,,,,,,,,,,,,,,
Rusape West,Rusape,,,,,,,,,,,,,,,,,,,,,,,,,,,,,,,,,,,,,
Tsanzaguru,Rusape,,,,,,,,,,,,,,,,,,,,,,,,,,,,,,,,,,,,,
Tsanzaguru Central,Rusape,,,,,,,,,,,,,,,,,,,,,,,,,,,,,,,,,,,,,
Zindoga,Rusape,,,,,,,,,,,,,,,,,,,,,,,,,,,,,,,,,,,,,
Mount Pisgah,Ruwa,,,,,,,,,,,,,,,,,,,,,,,,,,,,,,,,,,,,,
Ruwa Central,Ruwa,,,,,,,,,,,,,,,,,,,,,,,,,,,,,,,,,,,,,
Ruwa East,Ruwa,,,,,,,,,,,,,,,,,,,,,,,,,,,,,,,,,,,,,
Ruwa Multicultural,Ruwa,,,,,,,,,,,,,,,,,,,,,,,,,,,,,,,,,,,,,
Ruwa North,Ruwa,,,,,,,,,,,,,,,,,,,,,,,,,,,,,,,,,,,,,
Ruwa South,Ruwa,,,,,,,,,,,,,,,,,,,,,,,,,,,,,,,,,,,,,
Timire Park Main,Ruwa,,,,,,,,,,,,,,,,,,,,,,,,,,,,,,,,,,,,,
Advent Hope,Seke,,,,,,,,,,,,,,,,,,,,,,,,,,,,,,,,,,,,,
Border,Seke,,,,,,,,,,,,,,,,,,,,,,,,,,,,,,,,,,,,,
Chakadini,Seke,,,,,,,,,,,,,,,,,,,,,,,,,,,,,,,,,,,,,
Chihota Central,Seke,,,,,,,,,,,,,,,,,,,,,,,,,,,,,,,,,,,,,
Chihota West,Seke,,,,,,,,,,,,,,,,,,,,,,,,,,,,,,,,,,,,,
Chirimamhunga,Seke,,,,,,,,,,,,,,,,,,,,,,,,,,,,,,,,,,,,,
Chitsvedemo,Seke,,,,,,,,,,,,,,,,,,,,,,,,,,,,,,,,,,,,,
Dema,Seke,,,,,,,,,,,,,,,,,,,,,,,,,,,,,,,,,,,,,
Dema Central,Seke,,,,,,,,,,,,,,,,,,,,,,,,,,,,,,,,,,,,,
Dzandura,Seke,,,,,,,,,,,,,,,,,,,,,,,,,,,,,,,,,,,,,
Mahusekwa,Seke,,,,,,,,,,,,,,,,,,,,,,,,,,,,,,,,,,,,,
Mt Horeb,Seke,,,,,,,,,,,,,,,,,,,,,,,,,,,,,,,,,,,,,
Mushonga,Seke,,,,,,,,,,,,,,,,,,,,,,,,,,,,,,,,,,,,,
Northview Central,Seke,,,,,,,,,,,,,,,,,,,,,,,,,,,,,,,,,,,,,
Northview East,Seke,,,,,,,,,,,,,,,,,,,,,,,,,,,,,,,,,,,,,
North-view South,Seke,,,,,,,,,,,,,,,,,,,,,,,,,,,,,,,,,,,,,
Northview West,Seke,,,,,,,,,,,,,,,,,,,,,,,,,,,,,,,,,,,,,
Nyandoro I,Seke,,,,,,,,,,,,,,,,,,,,,,,,,,,,,,,,,,,,,
Nyandoro II,Seke,,,,,,,,,,,,,,,,,,,,,,,,,,,,,,,,,,,,,
Southlands,Stoneridge,,,,,,,,,,,,,,,,,,,,,,,,,,,,,,,,,,,,,
Southlands East,Stoneridge,,,,,,,,,,,,,,,,,,,,,,,,,,,,,,,,,,,,,
Stoneridge,Stoneridge,,,,,,,,,,,,,,,,,,,,,,,,,,,,,,,,,,,,,
Stoneridge Central,Stoneridge,,,,,,,,,,,,,,,,,,,,,,,,,,,,,,,,,,,,,
Stoneridge East,Stoneridge,,,,,,,,,,,,,,,,,,,,,,,,,,,,,,,,,,,,,
Stoneridge North,Stoneridge,,,,,,,,,,,,,,,,,,,,,,,,,,,,,,,,,,,,,
Stoneridge Riverside,Stoneridge,,,,,,,,,,,,,,,,,,,,,,,,,,,,,,,,,,,,,
Stoneridge South,Stoneridge,,,,,,,,,,,,,,,,,,,,,,,,,,,,,,,,,,,,,
Stoneridge West,Stoneridge,,,,,,,,,,,,,,,,,,,,,,,,,,,,,,,,,,,,,
Grobbie Park,Waterfalls,,,,,,,,,,,,,,,,,,,,,,,,,,,,,,,,,,,,,
Ideal/Forbes,Waterfalls,,,,,,,,,,,,,,,,,,,,,,,,,,,,,,,,,,,,,
Waterfalls Central,Waterfalls,,,,,,,,,,,,,,,,,,,,,,,,,,,,,,,,,,,,,
Waterfalls North,Waterfalls,,,,,,,,,,,,,,,,,,,,,,,,,,,,,,,,,,,,,
Waterfalls South,Waterfalls,,,,,,,,,,,,,,,,,,,,,,,,,,,,,,,,,,,,,
Waterfalls West,Waterfalls,,,,,,,,,,,,,,,,,,,,,,,,,,,,,,,,,,,,,
Waterfalls Adventist High School,Waterfalls Adventist High School,,,,,,,,,,,,,,,,,,,,,,,,,,,,,,,,,,,,,
Bita,Wedza,,,,,,,,,,,,,,,,,,,,,,,,,,,,,,,,,,,,,
Bonongwe,Wedza,,,,,,,,,,,,,,,,,,,,,,,,,,,,,,,,,,,,,
Chadoka,Wedza,,,,,,,,,,,,,,,,,,,,,,,,,,,,,,,,,,,,,
Chamatendere,Wedza,,,,,,,,,,,,,,,,,,,,,,,,,,,,,,,,,,,,,
Chard,Wedza,,,,,,,,,,,,,,,,,,,,,,,,,,,,,,,,,,,,,
Chinei West,Wedza,,,,,,,,,,,,,,,,,,,,,,,,,,,,,,,,,,,,,
Chinyonga,Wedza,,,,,,,,,,,,,,,,,,,,,,,,,,,,,,,,,,,,,
Collace,Wedza,,,,,,,,,,,,,,,,,,,,,,,,,,,,,,,,,,,,,
Country Club,Wedza,,,,,,,,,,,,,,,,,,,,,,,,,,,,,,,,,,,,,
Dean,Wedza,,,,,,,,,,,,,,,,,,,,,,,,,,,,,,,,,,,,,
Dendenyore,Wedza,,,,,,,,,,,,,,,,,,,,,,,,,,,,,,,,,,,,,
Fels,Wedza,,,,,,,,,,,,,,,,,,,,,,,,,,,,,,,,,,,,,
Gandamasungo,Wedza,,,,,,,,,,,,,,,,,,,,,,,,,,,,,,,,,,,,,
Goto,Wedza,,,,,,,,,,,,,,,,,,,,,,,,,,,,,,,,,,,,,
Gotora,Wedza,,,,,,,,,,,,,,,,,,,,,,,,,,,,,,,,,,,,,
Gunda,Wedza,,,,,,,,,,,,,,,,,,,,,,,,,,,,,,,,,,,,,
Jenya,Wedza,,,,,,,,,,,,,,,,,,,,,,,,,,,,,,,,,,,,,
Magamba,Wedza,,,,,,,,,,,,,,,,,,,,,,,,,,,,,,,,,,,,,
Maguni,Wedza,,,,,,,,,,,,,,,,,,,,,,,,,,,,,,,,,,,,,
Makurumure,Wedza,,,,,,,,,,,,,,,,,,,,,,,,,,,,,,,,,,,,,
Makwarimba,Wedza,,,,,,,,,,,,,,,,,,,,,,,,,,,,,,,,,,,,,
Manhango,Wedza,,,,,,,,,,,,,,,,,,,,,,,,,,,,,,,,,,,,,
Manyimo,Wedza,,,,,,,,,,,,,,,,,,,,,,,,,,,,,,,,,,,,,
Manzverengi,Wedza,,,,,,,,,,,,,,,,,,,,,,,,,,,,,,,,,,,,,
Mapiye,Wedza,,,,,,,,,,,,,,,,,,,,,,,,,,,,,,,,,,,,,
Marita,Wedza,,,,,,,,,,,,,,,,,,,,,,,,,,,,,,,,,,,,,
Maruta,Wedza,,,,,,,,,,,,,,,,,,,,,,,,,,,,,,,,,,,,,
Matsine,Wedza,,,,,,,,,,,,,,,,,,,,,,,,,,,,,,,,,,,,,
Matsvai,Wedza,,,,,,,,,,,,,,,,,,,,,,,,,,,,,,,,,,,,,
Murwira East-wedza,Wedza,,,,,,,,,,,,,,,,,,,,,,,,,,,,,,,,,,,,,
Murwira-wedza,Wedza,,,,,,,,,,,,,,,,,,,,,,,,,,,,,,,,,,,,,
Mutokwe,Wedza,,,,,,,,,,,,,,,,,,,,,,,,,,,,,,,,,,,,,
Mutukwa,Wedza,,,,,,,,,,,,,,,,,,,,,,,,,,,,,,,,,,,,,
Mutukwa 2,Wedza,,,,,,,,,,,,,,,,,,,,,,,,,,,,,,,,,,,,,
Nelson Vamba,Wedza,,,,,,,,,,,,,,,,,,,,,,,,,,,,,,,,,,,,,
Ngurumbiri,Wedza,,,,,,,,,,,,,,,,,,,,,,,,,,,,,,,,,,,,,
Nhumwa,Wedza,,,,,,,,,,,,,,,,,,,,,,,,,,,,,,,,,,,,,
Nyamidzi,Wedza,,,,,,,,,,,,,,,,,,,,,,,,,,,,,,,,,,,,,
Nyamupara,Wedza,,,,,,,,,,,,,,,,,,,,,,,,,,,,,,,,,,,,,
Nyeri,Wedza,,,,,,,,,,,,,,,,,,,,,,,,,,,,,,,,,,,,,
Pabani,Wedza,,,,,,,,,,,,,,,,,,,,,,,,,,,,,,,,,,,,,
Rapako,Wedza,,,,,,,,,,,,,,,,,,,,,,,,,,,,,,,,,,,,,
Southlawn,Wedza,,,,,,,,,,,,,,,,,,,,,,,,,,,,,,,,,,,,,
Wedza,Wedza,,,,,,,,,,,,,,,,,,,,,,,,,,,,,,,,,,,,,
Wedza East- Wedza,Wedza,,,,,,,,,,,,,,,,,,,,,,,,,,,,,,,,,,,,,
Zana,Wedza,,,,,,,,,,,,,,,,,,,,,,,,,,,,,,,,,,,,,
Philadelphia English Speaking,Zengeza,,,,,,,,,,,,,,,,,,,,,,,,,,,,,,,,,,,,,
Zengeza 1,Zengeza,,,,,,,,,,,,,,,,,,,,,,,,,,,,,,,,,,,,,
Zengeza 1 West,Zengeza,,,,,,,,,,,,,,,,,,,,,,,,,,,,,,,,,,,,,
Zengeza 2,Zengeza,,,,,,,,,,,,,,,,,,,,,,,,,,,,,,,,,,,,,
Zengeza 3,Zengeza,,,,,,,,,,,,,,,,,,,,,,,,,,,,,,,,,,,,,
Zengeza Central,Zengeza,,,,,,,,,,,,,,,,,,,,,,,,,,,,,,,,,,,,,
Zengeza East,Zengeza,,,,,,,,,,,,,,,,,,,,,,,,,,,,,,,,,,,,,
Zengeza South,Zengeza,,,,,,,,,,,,,,,,,,,,,,,,,,,,,,,,,,,,,
Chipukutu,Zimre,,,,,,,,,,,,,,,,,,,,,,,,,,,,,,,,,,,,,
Zimre Park East,Zimre,,,,,,,,,,,,,,,,,,,,,,,,,,,,,,,,,,,,,
Zimre Park Main,Zimre,,,,,,,,,,,,,,,,,,,,,,,,,,,,,,,,,,,,,
Zimre West,Zimre,,,,,,,,,,,,,,,,,,,,,,,,,,,,,,,,,,,,,
